Soil_Counter,Version_Entered,Original_Index,Soil_Dataset_ID,Soil_Project_ID,Soil_Borehole_ID,Sample_ID,Date_Entered,Munsell_Hue,Munsell_Value,Munsell_Chroma,USDA_Texture,USCS_Texture,USDA_Texture_Abb,USCS_Texture_Abb,Soil_Picture,Texture_Modifier,Structure_Grade,Structure_Size,Structure_Type,Geologic_Description,Soil_Name,Soil_Description,Notes,Contact,Plastic_Limit,Liquid_Limit,Plasticity_Index,Activity,Sensitivity,N,Length_pushed,Length_recovered,Push_pressure,Dip,Strike,Rock_quality,RPM,Cone_rate,Consistency,Torvane_shear_stress,Pocket_penetrometer,Specific_Surface,COLE,Initial_State,Experimentally_Determined,Specimen_ID,Saturation,Void_Ratio,Porosity,Water_Content,Volumetric_Water_Content,Dry_Density,Total_Density,Total_Unit_Weight,Specific_Gravity,Locked_S,Locked_VWC,Locked_VR,Locked_WC,Locked_DD,Locked_TD,Locked_SG,Volume_Mass_Completed,Grainsize_Present,SWCC_Wetting_Present,SWCC_Drying_Present,Permeability_Present,ksat_Present,kVoid_Present,Shear_Box_Present,Shear_Triaxial_Present,Compression_Oedometer_Present,Compression_Triaxial_Present,Compaction_Present,Specific_Heat_Present,Thermal_Present,Unfrozen_Present,Diffusion_Present,Adsorption_Present,Shrinkage_Present,Geochemistry_Present,Atterberg_Present,SpecificGravity_Present,ShrinkageLimit_Present,WaterContent_Present,Country,Province,Region,Site,Family,Soil_Series,Date_Sampled,Land_Use,Drainage,Slope,Number_of_Horizons,Horizon_Number,Horizon_Code,Horizon_Depth_Upper,Horizon_Depth_Lower,Sample_Depth_Upper,Sample_Depth_Lower,Depth_to_Groundwater,Author,Paper_Name,Year_Published,Publisher,Journal_Name,Volume,Page_Numbers,Figure_Title,Water_Chemistry_Count,Mineralogy_Count,Field_1,Field_2,Field_3,Field_4,Field_5,HVEEM_Pressure,HVEEM_RValue,HVEEM_Displacement,HVEEM_Expansion,Filter_Paper_Wet,Filter_Paper_Dry,Filter_Paper_WaterContent,Filter_Paper_Suction,Filter_Paper_Type,CBR_Present
"113653924",2.5,,"AZ923","9-23","AZ0113-23S","2-3-M-15","07/25/03 09:52:21",,,,,,,,,,,,,,"m*;JL",,,"[DB,H+-e6osm628;$Su(+#O!F/d\C86.DzS8S;N8%0Bosb)A., S@R8@V7i#JR6X1(6!V04-8JIT#X-CRW:/5,5usE]E9iY50J/M.#;3KMGs*T5so<%XsfUWuvnEA6&G@MRs:\UPWzblGcfal",0.249,0.33199999,0.082999989,,,,,,,,,,,,,,,,,"U",1,"2-3-M-15",0.16,0.53846157,0.35000002,0.031443011,0.056000002,1781,1837,18.020969,2.74,1,0,1,0,0,0,1,1,1,0,0,0,0,0,0,0,0,0,0,0,0,0,0,0,0,0,0,0,0,0,"&C<:VXzthC4*VF","l%5W$^3H",,"::[{ezzmp,ke",,,,"Road/Highway Embankment",,,,,,,,0.38109756,,15.853659,,,,,,,,,0,0,,,,,,300,,,,,,,,,0
"115225314",2.5,,"AZ923","9-23","WA7322-812","8-1-2-31","09/08/03 12:42:44",,,,,,,,,,,,,,"+&R0]57*!",,,"gJG6H^6s#HFg13.^HLi\X^U+M7Dj0C9;s%23E8N.*C HFj7S(@EL!1S%0CP))F/KM[T6(11G JRW&5[:Su>&2B7iRd>TZPUx G8J;X.%SJos#W3OHy;SqwizybodR 5X*#Fe&>G\qqvxocwfv",0.207,0.331,0.124,,,,,,,,,,,,,,,,,"U",1,"8-1-2-31",0.80000001,0.72413784,0.41999996,0.2076381,0.336,1618.2001,1954.2001,19.170702,2.79,1,0,1,0,0,0,1,1,1,0,0,0,1,0,0,0,0,0,0,0,0,0,0,0,0,0,0,0,0,0,"4N%0X16s\+G.@%",":+D.6;9K)0X",,"),;0Lg!rzw]j",,,,"Road/Highway Embankment",,,,,,,,0.78760064,,7.6219511,,,,,,,,,0,0,,,,,,300,,,,,,,,,0
"119566069",2.5,,"AZ923","9-23","NY4018-632","6-3-2-18","08/15/03 09:36:23",,,,,,,,,,,,,,"^VFJ-(6H5",,,"fY V9-7Dver>#24*Nso/(*U+.$S@V.^ZL(9VVX69(!<er:,A $Ss;W4&0CH[/u 1.B83)X^T[0PUh!42tG:+13AofR:TZHF}HH&3Z&8$R7sO(U]Fe{75sdym}nvRW 5 ]^uq]jfugw}tsahhQ",0,0,0,,,,,,,,,,,,,,,,,"U",1,"6-3-2-18",0.56999999,0.25,0.2,0.051630434,0.114,2208,2322,22.77882,2.76,1,0,1,0,0,0,1,1,1,0,0,0,0,0,0,0,0,0,0,0,0,0,0,0,0,0,0,0,0,0,"\ !8C5%A/%0&M.","}C-A@.!84",,"/[9)Pd]QU\\n",,,,"Road/Highway Embankment",,,,,,,,0.45731708,,3.8414633,,,,,,,,,0,0,,,,,,300,,,,,,,,,0
"127025922",2.5,,"AZ923","9-23","AZ0215-412","4-1-2-18","07/25/03 10:58:28",,,,,,,,,,,,,,"> N(\;NX0",,,"{+G/.3Go6RW#8[$$1qEzM@S#R s>67!!e J[E6)X17BRW%--:;Hq}0L!.8d%DO$C(,S10:1N75es>X$+sOr,35SETf{F0dR6X1(6!V04-JIT7s+sRj0FHIphzdpfL%)T$XOP>sFvlcUxIuc[d",0.17380001,0.204,0.03019999,,,,,,,,,,,,,,,,,"U",1,"4-1-2-18",0.62,0.35135132,0.25999999,0.080382958,0.16119999,2005.4,2166.6001,21.254347,2.71,1,0,1,0,0,0,1,1,1,0,0,0,1,0,0,0,0,0,0,0,0,0,0,0,0,0,0,0,0,0,"z45V/-$fv4/N+F","\X^U[+M7",,"::[{ezzmp]ku",,,,"Road/Highway Embankment",,,,,,,,0.45731708,,26.219513,,,,,,,,,0,0,,,,,,300,,,,,,,,,0
"130040274",2.5,,"AZ923","9-23","CO7035-743","7-4-3-37","08/13/03 17:53:02",,,,,,,,,,,,,,"\!$8^ug}sk",,,"sZ/B618P!DF:C5#C4Te/41N&T8Hj$1V/A3860M(F/6/DF!3H<0NT^WC0%0s+*F}HH&3Z&8$R>7sO[.,:er{[E+3efo60CsOc -5A/*M@F6dR9O)UDy8YtUxqe\vos[-Y(@FS$!Eyzrkudy}ka",0,0,0,,,,,,,,,,,,,,,,,,0,"7-4-3-37",,,,,,,,,,0,0,0,0,0,0,0,0,1,0,0,0,0,0,0,0,0,0,0,0,0,0,0,0,0,0,0,0,0,0,"&C<:VXzthC4*VF","{]A(7)NH ",,"} )(Uu{InzbE",,,,"Road/Highway Embankment",,,,,,,,0.94003963,,9.1463413,,,,,,,,,0,0,,,,,,300,,,,,,,,,0
"135210249",2.5,,"AZ923","9-23","CO1053-751","7-5-1-14","08/13/03 14:06:01",,,,,,,,,,,,,,"[*F0VC3 ,DyNN0G]",,,"hA8 8<$e+tG#4#NC2sR[N/8[41q}^H%3Y801Z7 &,09tG%/300Gs\NK+,/S6FE]E 69M+N/M{9DF#15<sIg3E.ARUs#.6Su 1.B83)X^T0PU[F5rtu0GTvxf}stsOb!7.CEA hitxa\sPwpol",0,0,0,,,,,,,,,,,,,,,,,"REM",1,"7-5-1-14",0.27000001,0.61290324,0.38,0.059957929,0.10260001,1711.2,1813.7999,17.793377,2.76,1,0,1,0,0,0,1,1,1,0,0,0,1,0,0,0,0,0,0,0,0,0,0,0,0,0,0,0,0,0,"$6,01NxG( -0X0","y0B$51G10",,"^*}9Ia4v,ncw",,,,"Road/Highway Embankment",,,,,,,,0.35569206,,2.3780489,,,,,,,,,0,0,,,,,,300,,,,,,,,,0
"141837967",2.5,,"AZ923","9-23","CO7035-742","7-4-2-14.5","08/13/03 17:24:30",,,,,,,,,,,,,,"vN8.>5*1BEsH+3",,,"gJG6H^6s#HFg13.^HLi\X^U+M7Dj0C9;s%23E8N.*C HFj7S(@EL!1S%0CP))F/KM[T6(11G JRW&5[:Su>&2B7iRd>TZPUx G8J;X.%SJos#W3OHy;SqwizybodR 5X*#Fe&>G\qqvxocwfv",0,0,0,,,,,,,,,,,,,,,,,"REM",1,"7-4-2-14.5",0.31,0.29870132,0.23,0.033918463,0.071300007,2102.1001,2173.4001,21.321056,2.73,1,0,1,0,0,0,1,1,1,0,1,0,1,0,0,0,0,0,0,0,0,0,0,0,0,0,0,0,0,0,"xT+*VH5o()6C5^","a6S^#&H/.",,"] )]Fr*lvdtz",,,,"Road/Highway Embankment",,,,,,,,0.3683942,,9.1463413,,,,,,,,,0,0,,,,,,300,,,,,,,,,0
"145287566",2.5,,"AZ923","9-23","CA3042-831","8-3-1-13","07/30/03 11:46:45",,,,,,,,,,,,,,"t;F3.0X&V$Y+&R057*!",,,"h0G-&,)u EA%( /N sO; <48KBG( -0Xo40*E5!%!81EA&#Z&10s>F2>[Jr7^s@2G1GX+/1X))FS:C%^fLz$W^AOoUx ArtbT2%SX8N^VJOH{S-qEsV0itzy}kaUDnVJ5;sI}:sjcaqxOQOrg",0.22,0.273,0.053000003,,,,,,,,,,,,,,,,,"U",1,"8-3-1-13",0.79000002,0.63934422,0.38999999,0.18168415,0.30809999,1695.8,2003.9,19.658258,2.78,1,0,1,0,0,0,1,1,1,0,0,0,1,0,0,0,0,0,0,0,0,0,0,0,0,0,0,0,0,0,"+A&^Z/@ixN C59","\M2#K@!89V ",,"+!]{Sv&nqw}r",,,,"Road/Highway Embankment",,,,,,,,0.33028352,,2.8963416,,,,,,,,,0,0,,,,,,300,,,,,,,,,0
"146444320",2.5,,"AZ923","9-23","CO1053-752","7-5-2-13.5","08/13/03 15:55:55",,,,,,,,,,,,,,"$63C:/N0}tuG8(e]",,,":B-9H.GR:sOa$:1V.Afx8$I%T8P[!$01txT+1VN01)(sOd>5891A/2N#19s+0Ux G8J;X.%S6Josc-2.HFa5T&4fYi[RVsO$C(,S10:1N5es/s@Wsn,7Slvtt>PiY.+Y(7UDl:rnE]dyeck[u",0,0,0,,,,,,,,,,,,,,,,,"REM",1,"7-5-2-13.5",0.31,0.36986303,0.27000001,0.041542586,0.083700001,2014.7999,2098.5,20.586285,2.76,1,0,1,0,0,0,1,1,1,0,0,0,1,0,0,0,0,0,0,0,0,0,0,0,0,0,0,0,0,0,":S17X6 W(.%:^V","z#Y%,N82)",,"} )(Uu{I}zkI",,,,"Road/Highway Embankment",,,,,,,,0.34298781,,2.3780489,,,,,,,,,0,0,,,,,,300,,,,,,,,,0
"152411036",2.5,,"AZ923","9-23","MT7066-711","7-1-1-30","08/14/03 14:47:44",,,,,,,,,,,,,,"^3K&8N4.V",,,"fY V9-7Dver>#24*Nso/(*U+.$S@V.^ZL(9VVX69(!<er:,A $Ss;W4&0CH[/u 1.B83)X^T[0PUh!42tG:+13AofR:TZHF}HH&3Z&8$R7sO(U]Fe{75sdym}nvRW 5 ]^uq]jfugw}tsahhQ",0.16599999,0.331,0.16500001,,,,,,,,,,,,,,,,,"U",1,"7-1-1-30",0.83999997,0.42857146,0.30000001,0.1309091,0.252,1925,2177,21.356371,2.75,1,0,1,0,0,0,1,1,1,0,1,0,0,0,0,0,0,0,0,0,0,0,0,0,0,0,0,0,0,0,"<R^C52[Ul:N20$","k8T7 G06",,"+!(&DO}\mxRv",,,,"Road/Highway Embankment",,,,,,,,0.76219511,,21.341463,,,,,,,,,0,0,,,,,,300,,,,,,,,,0
"164222028",2.5,,"AZ923","9-23","VT1681-623","6-2-3-33","09/04/03 14:33:17",,,,,,,,,,,,,,"\VMZ{7&!",,,"!70%D^GO$UDqN7B<GIT*N.U%VGOk:)8CE>E@D)X.1..UDs9D9]TIzYK 09W02Hv4N21*Z^69<KRs]7*!Fe]4.1BTqs^TVWs#.*!HC/&B8CYd#s*PUr[TrnWcfalso +125HFc[qwo,uhYxw[q",0,0,0,,,,,,,,,,,,,,,,,"REM",1,"6-2-3-33",0.98000002,0.2820513,0.22000001,0.10199641,0.21560001,2113.8,2329.4001,22.851416,2.71,1,0,1,0,0,0,1,1,1,0,1,0,0,0,0,0,0,0,0,0,0,0,0,0,0,0,0,0,0,0,"--1 (M7s;C +X3","fX6X{)6:",,"&)6}sq8a}vj,",,,,"Road/Highway Embankment",,,,,,,,0.83841461,,3.0487804,,,,,,,,,0,0,,,,,,300,,,,,,,,,0
"167075527",2.5,,"AZ923","9-23","MS1802-141","1-4-1-9.5","08/14/03 11:50:36",,,,,,,,,,,,,,"$6% @G&M+A;(1)",,,"!70%D^GO$UDqN7B<GIT*N.U%VGOk:)8CE>E@D)X.1..UDs9D9]TIzYK 09W02Hv4N21*Z^69<KRs]7*!Fe]4.1BTqs^TVWs#.*!HC/&B8CYd#s*PUr[TrnWcfalso +125HFc[qwo,uhYxw[q",0,0,0,,,,,,,,,,,,,,,,,"REM",1,"1-4-1-9.5",1,0.2820513,0.22000001,0.10563719,0.22000001,2082.6001,2302.6001,22.588507,2.6700001,1,0,1,0,0,0,1,1,1,0,0,0,0,0,0,0,0,0,0,0,0,0,0,0,0,0,0,0,0,0,",F$N+H>O<-^:VN","@/^%!V&Z&!1@",,"ln< qs%y<ubw",,,,"Road/Highway Embankment",,,,,,,,0.24136159,,2.5914633,,,,,,,,,0,0,,,,,,300,,,,,,,,,0
"168086210",2.5,,"AZ923","9-23","KS4054-532","5-3-2-27","08/14/03 10:13:06",,,,,,,,,,,,,,"(&BJ(6%^^",,,"e/N3N[GI,es{G$6C8HFc32X@E(ixN C5P$6,A12$1 &es[V9+0XHj9X9^4f!BY50J/M.#;3KcMGs{(4Cosh*E/-FAu 12fL&9K^T57 < Grt}s&Te< QRqxaPoOuq,*R;3Yd{#OgwiInrkI[w",0.233,0.44800001,0.21500002,,,,,,,,,,,,,,,,,"U",1,"5-3-2-27",0.97996503,0.47058821,0.31999999,0.1647,0.3135888,1904,2217.5889,21.754547,2.8,0,0,1,1,0,0,1,1,1,0,0,0,0,0,0,0,0,0,0,0,0,0,0,0,0,0,0,0,0,0,";T/6.*{F^2B<X8","b09>H F",,"j *@e]5nzsrz",,,,"Road/Highway Embankment",,,,,,,,0.68597561,,3.8109756,,,,,,,,,0,0,,,,,,300,,,,,,,,,0
"170618110",2.5,,"AZ923","9-23","MnRd4-652","6-5-2-11","09/08/03 15:44:32",,,,,,,,,,,,,,"h&Y(%5$9G)EcC3C*F6X",,,"]H#V3%Ns^sRbG(%:)uq]&B1.9FR(.3-#F.K4.X. 3C5sRcVC;[4u*C6V!ZY15s#M9< V12[T42Te&82)Wsb>6!GqQA78DYd>T0-C#!18J&sI@e3osg&QOOQPm{yAf\330+sO;cDImxnWsqe\v",0.17299999,0.28600001,0.11300002,,,,,,,,,,,,,,,,,"REM",1,"6-5-2-11",0.87,0.47058821,0.31999999,0.14996767,0.2784,1856.4,2134.8,20.942389,2.73,1,0,1,0,0,0,1,1,1,0,0,0,1,0,0,0,0,0,0,0,0,0,0,0,0,0,0,0,0,0,":S17X6 W(.%:^V","@^VT(5^[$1",,"$8^#<F6sd",,,,"Road/Highway Embankment",,,,,,,,0.27946952,,1.6158537,,,,,,,,,0,0,,,,,,300,,,,,,,,,0
"171963691",2.5,,"AZ923","9-23","LA0118-31S","3-1-S-12","08/14/03 10:49:56",,,,,,,,,,,,,,"(^7XOk($7.S/",,,"fY V9-7Dver>#24*Nso/(*U+.$S@V.^ZL(9VVX69(!<er:,A $Ss;W4&0CH[/u 1.B83)X^T[0PUh!42tG:+13AofR:TZHF}HH&3Z&8$R7sO(U]Fe{75sdym}nvRW 5 ]^uq]jfugw}tsahhQ",0.1858,0.294,0.1082,,,,,,,,,,,,,,,,,"U",1,"3-1-S-12",0.94,0.53846157,0.35000002,0.18886338,0.329,1742,2071,20.316509,2.6800001,1,0,1,0,0,0,1,1,1,0,0,0,0,0,0,0,0,0,0,0,0,0,0,0,0,0,0,0,0,0,";V1.@^)S@V.^Z+","<,>!^V2.3H",,"mn75tPc]js}\",,,,"Road/Highway Embankment",,,,,,,,0.30487806,,3.75,,,,,,,,,0,0,,,,,,300,,,,,,,,,0
"172034528",2.5,,"AZ923","9-23","PA0603-641","6-4-1-23","08/25/03 14:24:17",,,,,,,,,,,,,,"(-6*&%1G/",,,"dT(5 V s#PUs$4C9#sI}11K006s>;$$9q!3B93*H^C PUf>J27-s,VF0 AR&DOc -5A/*M@F:6dR&5+-DF[8S[AIEe6GERW6X),49C+#E iY2R3OPl>7eblE}jies$X2^XOHlguxte{oii{sv",0.191,0.23800001,0.047000006,,,,,,,,,,,,,,,,,"U",1,"6-4-1-23",0.75999999,0.40845066,0.28999999,0.11126254,0.22039998,1980.9,2201.3,21.594753,2.79,1,0,1,0,0,0,1,1,1,0,0,0,1,0,0,0,0,0,0,0,0,0,0,0,0,0,0,0,0,0,"4N%0X16s\+G.@%","#XXM4;{/ACJ[G",,"{}0:iy;[svkh",,,,"Road/Highway Embankment",,,,,,,,0.29217377,,6.0975609,,,,,,,,,0,0,,,,,,300,,,,,,,,,0
"178027788",2.5,,"AZ923","9-23","NE0114-542","5-4-2-7.5","08/14/03 16:19:33",,,,,,,,,,,,,,"qN429A52NRjG3@",,,";9G-2(^F/rtwG)-0Gos{/1H, )u*(+X&i<R^E554<:2rtaVB*8To(B30+-F;Cq<3S@F)M(1X]1UDfV79Gsn%A1MsWW6X5FS*A4#E&3*V0JOP&D}er}]QIrnck[uWs!@-:9qEz%Lki[exOsduE",0,0,0,,,,,,,,,,,,,,,,,"REM",1,"5-4-2-7.5",0.31,0.20481928,0.17,0.023603708,0.052700002,2232.7,2285.3999,22.419773,2.6900001,1,0,1,0,0,0,1,1,1,0,0,0,0,0,0,0,0,0,0,0,0,0,0,0,0,0,0,0,0,0,"<R^C52[Ul:N20$","w!L0cB$L4",,"@{2#sg,mhyib",,,,"Road/Highway Embankment",,,,,,,,0.19054878,,4.1463413,,,,,,,,,0,0,,,,,,300,,,,,,,,,0
"187306880",2.5,,"AZ923","9-23","AZ0113-23S","2-3-S-20","07/25/03 09:47:44",,,,,,,,,,,,,,"j33X0",,,"h0G-&,)u EA%( /N sO; <48KBG( -0Xo40*E5!%!81EA&#Z&10s>F2>[Jr7^s@2G1GX+/1X))FS:C%^fLz$W^AOoUx ArtbT2%SX8N^VJOH{S-qEsV0itzy}kaUDnVJ5;sI}:sjcaqxOQOrg",0,0,0,,,,,,,,,,,,,,,,,"U",1,"2-3-S-20",0.23,0.40845066,0.28999999,0.033792682,0.066699997,1973.8,2040.5,20.017305,2.78,1,0,1,0,0,0,1,1,1,0,0,0,0,0,0,0,0,0,0,0,0,0,0,0,0,0,0,0,0,0,">E@4)D:R(.3-#%","\X^U[+M7",,"%m9*T\7zn,da",,,,"Road/Highway Embankment",,,,,,,,0.50792682,,15.853659,,,,,,,,,0,0,,,,,,300,,,,,,,,,0
"190952724",2.5,,"AZ923","9-23","LA0118-313","3-1-3-24","08/14/03 10:43:46",,,,,,,,,,,,,,"hVX551G1X",,,"bN7:^3CtbsIlN22C Ws:!,06A.A/%0&MR4X-X#;X89>sIn9A700W(G([;Gq^ f{F6V0X55(6\*er!;2 Te:.E^0spHv4JqE]E 69M+N/M9DF7r.Gsm$Tsjxya[qHFz9L%*fL#kdecjgqDWczj",0.19859999,0.259,0.060400009,,,,,,,,,,,,,,,,,"U",1,"3-1-3-24",0.75999999,0.53846157,0.35000002,0.15269805,0.266,1742,2008,19.698481,2.6800001,1,0,1,0,0,0,1,1,1,0,1,0,0,0,0,0,0,0,0,0,0,0,0,0,0,0,0,0,0,0,"386&M6<s>67!!X","]0->*%!1A.",,"+$9#W]/jiiel",,,,"Road/Highway Embankment",,,,,,,,0.60975611,,3.75,,,,,,,,,0,0,,,,,,300,,,,,,,,,0
"193697081",2.5,,"AZ923","9-23","TX1077-123","1-2-3-22","09/02/03 14:03:42",,,,,,,,,,,,,,"v52K>(G97",,,">2+C/6/d>sO\7,$0CtG/.%R0GGR{C8;!S+A&2Z^1$N*sO{+ :8KthW0$8Ao05W6X),49C+#E! iY*+2.PUe,A8HGfI,SEos>VJ/.!^321.fL-Y9Rsn/ZDInlbpvIT(XZ2+Ws:aFih}wifplqc",0,0,0,,,,,,,,,,,,,,,,,"U",1,"1-2-3-22",0.38999999,0.63934422,0.38999999,0.092349716,0.15209998,1647.0001,1799.1001,17.649172,2.7,1,0,1,0,0,0,1,1,1,0,0,0,1,0,0,0,0,0,0,0,0,0,0,0,0,0,0,0,0,0,">E@4)D:R(.3-#%","$X+C6F",,"^*}9It4v,nxt",,,,"Road/Highway Embankment",,,,,,,,0.5589329,,3.3231707,,,,,,,,,0,0,,,,,,300,,,,,,,,,0
"197809166",2.5,,"AZ923","9-23","WsTk12-213","2-1-3-6.5","09/08/03 16:29:45",,,,,,,,,,,,,,";N2T&0-G6Hy)VC",,,"vV^>M8BG6IT:G-G)6sOm;!L91+fv4/N+s^M(7!1N4<BIT!VMC%Vs>7);6SE@KL&9K^T57 < zGrtdX)*esx1V*AOJF}HTEA78C$R+X6-C(Fe5t\sIf8Qo\tr}kWFS^C0!ZLi\$R\aksIFmvxR",0.2368,0.27180001,0.035000011,,,,,,,,,,,,,,,,,"REM",1,"2-1-3-6.5",0.64999998,0.26582277,0.20999999,0.062830836,0.13649999,2172.5,2309,22.651291,2.75,1,0,1,0,0,0,1,1,1,0,0,0,1,0,0,0,0,0,0,0,0,0,0,0,0,0,0,0,0,0,"(9V)X9,P[!$01C","zXV+6H8",,"4&1{X <WBPji",,,,"Road/Highway Embankment",,,,,,,,0.16514207,,3.2926829,,,,,,,,,0,0,,,,,,300,,,,,,,,,0
"206723795",2.5,,"AZ923","9-23","AL0101-132","1-3-2-9.5","07/23/03 16:43:22",,,,,,,,,,,,,,"x@$S3Hx#NIfNF8",,,"e/N3N[GI,es{G$6C8HFc32X@E(ixN C5P$6,A12$1 &es[V9+0XHj9X9^4f!BY50J/M.#;3KcMGs{(4Cosh*E/-FAu 12fL&9K^T57 < Grt}s&Te< QRqxaPoOuq,*R;3Yd{#OgwiInrkI[w",0,0,0,,,,,,,,,,,,,,,,,"REM",1,"1-3-2-9.5",0.98024154,0.21951221,0.18000001,0.075499997,0.17644349,2337,2513.4436,24.656881,2.8499999,1,0,1,0,0,0,1,1,1,0,0,0,1,0,0,0,0,0,0,0,0,0,0,0,0,0,0,0,0,0,"^.,$9G^EcX(4)H","/MG1/6Y8",,"#/$;fe@vq>s,",,,,"Road/Highway Embankment",,,,,,,,0.24136159,,7.7743902,,,,,,,,,0,0,,,,,,300,,,,,,,,,0
"214536295",2.5,,"AZ923","9-23","AR2042-153","1-5-3-15","07/29/03 16:47:31",,,,,,,,,,,,,,"(6R7//G9@",,,"[DB,H+-e6osm628;$Su(+#O!F/d\C86.DzS8S;N8%0Bosb)A., S@R8@V7i#JR6X1(6!V04-8JIT#X-CRW:/5,5usE]E9iY50J/M.#;3KMGs*T5so<%XsfUWuvnEA6&G@MRs:\UPWzblGcfal",0.17209999,0.278,0.1059,,,,,,,,,,,,,,,,,"U",1,"1-5-3-15",0.75999999,0.61290324,0.38,0.17125237,0.2888,1686.4,1975.2001,19.376713,2.72,1,0,1,0,0,0,1,1,1,0,0,0,1,0,0,0,0,0,0,0,0,0,0,0,0,0,0,0,0,0,"40*C5&(Fb8M(*D","{/L8).%)V",,"),;0Lb!i[szj",,,,"Road/Highway Embankment",,,,,,,,0.38109756,,0.60975611,,,,,,,,,0,0,,,,,,300,,,,,,,,,0
"214726659",2.5,,"AZ923","9-23","WA7322-811","8-1-1-20","09/04/03 15:02:45",,,,,,,,,,,,,,"(&BJ(6%^^",,,"bN7:^3CtbsIlN22C Ws:!,06A.A/%0&MR4X-X#;X89>sIn9A700W(G([;Gq^ f{F6V0X55(6\*er!;2 Te:.E^0spHv4JqE]E 69M+N/M9DF7r.Gsm$Tsjxya[qHFz9L%*fL#kdecjgqDWczj",0.19599999,0.33500001,0.13900001,,,,,,,,,,,,,,,,,"U",1,"8-1-1-20",0.70999998,0.81818175,0.44999999,0.21278718,0.31949997,1501.5001,1821.0001,17.864012,2.73,1,0,1,0,0,0,1,1,1,0,0,0,1,0,0,0,0,0,0,0,0,0,0,0,0,0,0,0,0,0,"^.,$9G^EcX(4)H","+#F0%7SJ700",,"#/$;fp@lu{a]",,,,"Road/Highway Embankment",,,,,,,,0.50810975,,7.6219511,,,,,,,,,0,0,,,,,,300,,,,,,,,,0
"214776833",2.5,,"AZ923","9-23","WY2019-734","7-3-4-46","09/08/03 13:27:54",,,,,,,,,,,,,,"{VM)*;)BC",,,"bN7:^3CtbsIlN22C Ws:!,06A.A/%0&MR4X-X#;X89>sIn9A700W(G([;Gq^ f{F6V0X55(6\*er!;2 Te:.E^0spHv4JqE]E 69M+N/M9DF7r.Gsm$Tsjxya[qHFz9L%*fL#kdecjgqDWczj",0,0,0,,,,,,,,,,,,,,,,,"U",1,"7-3-4-46",0.82999998,0.75438601,0.43000001,0.23019867,0.35690001,1550.4,1907.3,18.710613,2.72,1,0,1,0,0,0,1,1,0,0,0,0,0,0,0,0,0,0,0,0,0,0,0,0,0,0,0,0,0,0,".K4<X38T^C2C+5","@;[Kx8J&",,"x6:-Yx:u]kmf",,,,"Road/Highway Embankment",,,,,,,,1.1686982,,17.682926,,,,,,,,,0,0,,,,,,300,,,,,,,,,0
"227495193",2.5,,"AZ923","9-23","TX1060-332","3-3-2-23","08/26/03 10:17:00",,,,,,,,,,,,,,"z9RB N 7X",,,"b-$@B2.A7LikF$G.3UDl18Y]T4T^C2C+W4X>6^3Z&^NLimB9C+MUl5F47+s(6e6GJ^VX5!,4^NqEnZ;4Ydh1Z-VDDe+J.sI,SJ.T+-N/.*Su8E:fLx#UR\ssduEer*;Y)(es@#RqcjOQShzdp",0.2321,0.3698,0.13770001,,,,,,,,,,,,,,,,,"U",1,"3-3-2-23",0.67000002,0.81818175,0.44999999,0.20006634,0.30149999,1507,1808.5,17.741385,2.74,1,0,1,0,0,0,1,1,1,0,1,0,0,0,0,0,0,0,0,0,0,0,0,0,0,0,0,0,0,0,"+A&^Z/@ixN C59",">X*F%%",,"}>9)HU)ic{yw",,,,"Road/Highway Embankment",,,,,,,,0.58434755,,3.3536584,,,,,,,,,0,0,,,,,,300,,,,,,,,,0
"235270817",2.5,,"AZ923","9-23","TX1077-122","1-2-2-30.5","09/02/03 13:59:36",,,,,,,,,,,,,,"v52K>(G97",,,"[DB,H+-e6osm628;$Su(+#O!F/d\C86.DzS8S;N8%0Bosb)A., S@R8@V7i#JR6X1(6!V04-8JIT#X-CRW:/5,5usE]E9iY50J/M.#;3KMGs*T5so<%XsfUWuvnEA6&G@MRs:\UPWzblGcfal",0,0,0,,,,,,,,,,,,,,,,,"U",1,"1-2-2-30.5",0.44999999,0.61290324,0.38,0.10291285,0.171,1661.6,1832.6,17.977806,2.6800001,1,0,1,0,0,0,1,1,0,0,0,0,0,0,0,0,0,0,0,0,0,0,0,0,0,0,0,0,0,0,"4G1)-H/Ok:)8C6",":#x7NN",,"& /9Rw-\liQp",,,,"Road/Highway Embankment",,,,,,,,0.77489817,,3.3231707,,,,,,,,,0,0,,,,,,300,,,,,,,,,0
"235722276",2.5,,"AZ923","9-23","AL0101-133","1-3-3-14.5","07/24/03 15:31:31",,,,,,,,,,,,,,,,,"z8F&H/3UxFe<B{G -es@N^M0X%Fb8M(*f,F$W+N3--;Fe;8+C(2e(DK%&AO,&S*A4#E&3*V0,JOP}#]0rty1M%Jsus>VEOHv4N21*Z^69KRs)P^DF]4AG\auc[dsR>XN[!Su(nA{pntzRcgle",0.3258,0.51950002,0.19370002,,,,,,,,,,,,,,,,,"U",1,"1-3-3-14.5",0.93000001,0.72413784,0.41999996,0.24400297,0.39059997,1600.8,1991.4,19.535635,2.76,1,0,1,0,0,0,1,1,1,0,0,0,1,0,0,0,0,0,0,0,0,0,0,0,0,0,0,0,0,0,"5}!z","m/)D%M0+",,"}>9)Ho)ev]dq",,,,"Road/Highway Embankment",,,,,,,,0.3683933,,7.7743902,,,,,,,,,0,0,,,,,,300,,,,,,,,,0
"237132814",2.5,,"AZ923","9-23","MS1802-141","1-4-1-19","08/14/03 11:59:00",,,,,,,,,,,,,,"$4G0)A/8!Fq1Z/",,,"dT(5 V s#PUs$4C9#sI}11K006s>;$$9q!3B93*H^C PUf>J27-s,VF0 AR&DOc -5A/*M@F:6dR&5+-DF[8S[AIEe6GERW6X),49C+#E iY2R3OPl>7eblE}jies$X2^XOHlguxte{oii{sv",0,0,0,,,,,,,,,,,,,,,,,"REM",1,"1-4-1-19",0.69,0.38888887,0.28,0.10049937,0.19319999,1922.4001,2115.6001,20.754038,2.6700001,1,0,1,0,0,0,1,1,1,0,0,0,1,0,0,0,0,0,0,0,0,0,0,0,0,0,0,0,0,0,">E@4)D:R(.3-#%","c%XF.F..*2(>",,",v{7rcxU,daz",,,,"Road/Highway Embankment",,,,,,,,0.48272255,,2.5914633,,,,,,,,,0,0,,,,,,300,,,,,,,,,0
"238425307",2.5,,"AZ923","9-23","LA0118-311","3-1-1-34","08/14/03 10:34:45",,,,,,,,,,,,,,"(-Z9}@$M1",,,":C%>+5ME]fL]/0 C8PUn;3T7-GIz0G7XR@T/5!%V2(%fL,%Y)0XP[4)84HG09T/TB10-X6> &-uqx*1%iY;^E/NUKF/KSGs@2G1GX+/1X)FS q#Afa.VdexahhQFe)0/26Te/{ser]fUFPm{y",0.1884,0.25999999,0.07159999,,,,,,,,,,,,,,,,,"U",1,"3-1-1-34",0.97000003,0.63934422,0.38999999,0.23140444,0.37829998,1634.8,2013.1,19.74851,2.6800001,1,0,1,0,0,0,1,1,1,0,0,0,1,0,0,0,0,0,0,0,0,0,0,0,0,0,0,0,0,0,",F$N+H>O<-^:VN","k;72$6#H80",,"ln< qs%e>wvt",,,,"Road/Highway Embankment",,,,,,,,0.86381096,,3.75,,,,,,,,,0,0,,,,,,300,,,,,,,,,0
"239883051",2.5,,"AZ923","9-23","NV0204-82S","8-2-S-18","08/14/03 17:18:07",,,,,,,,,,,,,,"b5G/A/#(G@Y+",,,"hA8 8<$e+tG#4#NC2sR[N/8[41q}^H%3Y801Z7 &,09tG%/300Gs\NK+,/S6FE]E 69M+N/M{9DF#15<sIg3E.ARUs#.6Su 1.B83)X^T0PU[F5rtu0GTvxf}stsOb!7.CEA hitxa\sPwpol",0.17,0.191,0.020999998,,,,,,,,,,,,,,,,,"REM",1,"8-2-S-18",0.49000001,0.66666663,0.39999998,0.12009803,0.19599999,1632,1828,17.93268,2.72,1,0,1,0,0,0,1,1,1,0,1,0,0,0,0,0,0,0,0,0,0,0,0,0,0,0,0,0,0,0,"[H2(*J#L!&F)X3","}CB@+J(",,">]79o}.af]kI",,,,"Road/Highway Embankment",,,,,,,,0.45731708,,18.902439,,,,,,,,,0,0,,,,,,300,,,,,,,,,0
"239946524",2.5,,"AZ923","9-23","WY2020-723","7-2-3-21","09/08/03 14:54:12",,,,,,,,,,,,,,"k>8N%B.-Z",,,"dT(5 V s#PUs$4C9#sI}11K006s>;$$9q!3B93*H^C PUf>J27-s,VF0 AR&DOc -5A/*M@F:6dR&5+-DF[8S[AIEe6GERW6X),49C+#E iY2R3OPl>7eblE}jies$X2^XOHlguxte{oii{sv",0.17,0.36700001,0.19700001,,,,,,,,,,,,,,,,,"U",1,"7-2-3-21",0.88,0.49253738,0.33000004,0.15102191,0.29040003,1922.8998,2213.2998,21.712471,2.8699999,1,0,1,0,0,0,1,1,1,0,0,0,1,0,0,0,0,0,0,0,0,0,0,0,0,0,0,0,0,0,".K4<X38T^C2C+5",":%V4;69K",,"kz 8Eo$xrbw,",,,,"Road/Highway Embankment",,,,,,,,0.53353661,,76.219513,,,,,,,,,0,0,,,,,,300,,,,,,,,,0
"243019845",2.5,,"AZ923","9-23","AR2042-154","1-5-4-15.5","07/29/03 17:03:52",,,,,,,,,,,,,,"^VFJ-(6H5",,,"r/)7G&+f{iY$ 2867DF*0470N-e(7G)-s^.,39B6#X$iY^&A./CDjYG7]AI$Zs^T7*T5@;!H%HEA)& &dR:/G( Fqr(-EIT/TB10-X6> -uq$A2Lid1CsfdwpolrtmXC#Vso/mW\aoIpubqwx",0.18449999,0.266,0.081500009,,,,,,,,,,,,,,,,,"U",1,"1-5-4-15.5",0.92000002,0.53846157,0.35000002,0.1821267,0.32200003,1768,2090,20.502899,2.72,1,0,1,0,0,0,1,1,1,0,0,0,1,0,0,0,0,0,0,0,0,0,0,0,0,0,0,0,0,0,"51#X&V!Y+)G.74","m;61%A6+D",,"#/$;fe@gw,r]",,,,"Road/Highway Embankment",,,,,,,,0.37184939,,0.60975611,,,,,,,,,0,0,,,,,,300,,,,,,,,,0
"246077007",2.5,,"AZ923","9-23","VT1681-62S","6-2-S2-24","09/04/03 14:45:53",,,,,,,,,,,,,,,,,"z8F&H/3UxFe<B{G -es@N^M0X%Fb8M(*f,F$W+N3--;Fe;8+C(2e(DK%&AO,&S*A4#E&3*V0,JOP}#]0rty1M%Jsus>VEOHv4N21*Z^69KRs)P^DF]4AG\auc[dsR>XN[!Su(nA{pntzRcgle",0,0,0,,,,,,,,,,,,,,,,,,0,"6-2-S2-24",,,,,,,,,2.78,0,0,0,0,0,0,0,0,0,0,0,0,0,0,0,0,0,0,0,0,0,0,0,0,0,0,0,0,0,0,"%23C8H.R{C8;!(","k#;Kx4J<",,"{}0:ii;,dvfm",,,,"Road/Highway Embankment",,,,,,,,0.60975611,,3.0487804,,,,,,,,,0,0,,,,,,300,,,,,,,,,0
"247288332",2.5,,"AZ923","9-23","CO1053-75S","7-5-S-12","08/13/03 16:13:19",,,,,,,,,,,,,,"cB/3Y+: Y(N.",,,"vV^>M8BG6IT:G-G)6sOm;!L91+fv4/N+s^M(7!1N4<BIT!VMC%Vs>7);6SE@KL&9K^T57 < zGrtdX)*esx1V*AOJF}HTEA78C$R+X6-C(Fe5t\sIf8Qo\tr}kWFS^C0!ZLi\$R\aksIFmvxR",0.28,0.46599999,0.18599999,,,,,,,,,,,,,,,,,"U",1,"7-5-S-12",0.77999997,0.69491524,0.41,0.1922106,0.31979999,1663.7999,1983.5999,19.459114,2.8199999,1,0,1,0,0,0,1,1,1,0,1,0,0,0,0,0,0,0,0,0,0,0,0,0,0,0,0,0,0,0,"^M(!!M\r$<G (X","t;G9$++J!",,"<b{<u{^wq>pl",,,,"Road/Highway Embankment",,,,,,,,0.30487806,,2.3780489,,,,,,,,,0,0,,,,,,300,,,,,,,,,0
"250670062",2.5,,"AZ923","9-23","NV0204-823","8-2-3-12","08/14/03 17:11:48",,,,,,,,,,,,,,"\!$47S^.&fa0-M",,,":C3+*,Nr(Gsx-4G7GRW/6>4;HMEcX(4)d;T/G.@%323Gs\^JC TR{W1,[5u97A78C$R+X6-C}(Fe@0{CIT[1H19WfOc 3uq<3S@F)M(1X1UD{e6tG<(Be\gcwfvOHn^F3/Afx]Y}y]fdUUO\k",0.16599999,0.221,0.055000007,,,,,,,,,,,,,,,,,"REM",1,"8-2-3-12",0.70999998,0.21951221,0.18000001,0.056468718,0.1278,2263.2,2391,23.455709,2.76,1,0,1,0,0,0,1,1,1,0,0,0,1,0,0,0,0,0,0,0,0,0,0,0,0,0,0,0,0,0,"801.78]Dj0C9;F","];E74.N",,",v{7rbxP[hab",,,,"Road/Highway Embankment",,,,,,,,0.30487806,,18.902439,,,,,,,,,0,0,,,,,,300,,,,,,,,,0
"253499984",2.5,,"AZ923","9-23","NC0205-512","5-1-2-24","08/15/03 13:56:38",,,,,,,,,,,,,,"(6R7//G9@",,,":C3+*,Nr(Gsx-4G7GRW/6>4;HMEcX(4)d;T/G.@%323Gs\^JC TR{W1,[5u97A78C$R+X6-C}(Fe@0{CIT[1H19WfOc 3uq<3S@F)M(1X1UD{e6tG<(Be\gcwfvOHn^F3/Afx]Y}y]fdUUO\k",0.35499999,0.48300001,0.12800002,,,,,,,,,,,,,,,,,"U",1,"5-1-2-24",0.94,0.85185194,0.46000004,0.29331166,0.43240002,1474.2,1906.6,18.703745,2.73,1,0,1,0,0,0,1,1,1,0,1,0,1,0,0,0,0,0,0,0,0,0,0,0,0,0,0,0,0,0,"4X>:^B&q}^H%3-","!%N.VUe]$14H[T4",,"kz 8Et$\enqx",,,,"Road/Highway Embankment",,,,,,,,0.60975611,,12.195122,,,,,,,,,0,0,,,,,,300,,,,,,,,,0
"253536860",2.5,,"AZ923","9-23","CT1803-613","6-1-3-10","08/14/03 09:56:35",,,,,,,,,,,,,,"h3M1$T#(8Y: F5",,,"j4H#V$FR6OPc^]N2BGs<)3U T W(.%:^u51#Q&8-V)BOPz:/04JG(Z780Ms%4s#.*!HC/&B8;CYdcX(6UDt3L4+sPT/THsR:T0> ^9B&3SLi!d@sOb)8FvmkI[wTe 8Y$-sOmqSlbsy\Lgr,u",0,0,0,,,,,,,,,,,,,,,,,"REM",1,"6-1-3-10",0.40000001,0.35135132,0.25999999,0.050193049,0.10399999,2072,2176,21.34656,2.8,1,0,1,0,0,0,1,1,1,0,0,0,0,0,0,0,0,0,0,0,0,0,0,0,0,0,0,0,0,0,";T/6.*{F^2B<X8","s.9R+W>.-M::",,"%m9*T\7{b\sa",,,,"Road/Highway Embankment",,,,,,,,0.25406402,,1.9512196,,,,,,,,,0,0,,,,,,300,,,,,,,,,0
"253889507",2.5,,"AZ923","9-23","PA0603-643","6-4-3-15.5","08/25/03 14:35:34",,,,,,,,,,,,,,"[*F0VC,3 DyNN0",,,"h0G-&,)u EA%( /N sO; <48KBG( -0Xo40*E5!%!81EA&#Z&10s>F2>[Jr7^s@2G1GX+/1X))FS:C%^fLz$W^AOoUx ArtbT2%SX8N^VJOH{S-qEsV0itzy}kaUDnVJ5;sI}:sjcaqxOQOrg",0,0,0,,,,,,,,,,,,,,,,,"REM",1,"6-4-3-15.5",0.41999999,0.25,0.2,0.036842104,0.083999999,2280,2364,23.19084,2.8499999,1,0,1,0,0,0,1,1,1,0,0,0,1,0,0,0,0,0,0,0,0,0,0,0,0,0,0,0,0,0,">E@4)D:R(.3-#%","]!4HZ)%4Q(F$F",,"z.#9Of[guE\v",,,,"Road/Highway Embankment",,,,,,,,0.39380062,,6.0975609,,,,,,,,,0,0,,,,,,300,,,,,,,,,0
"255772166",2.5,,"AZ923","9-23","CO7035-743","7-4-3-14.5","08/13/03 17:45:38",,,,,,,,,,,,,,"$6% @G&M+A;(1)",,,":C3+*,Nr(Gsx-4G7GRW/6>4;HMEcX(4)d;T/G.@%323Gs\^JC TR{W1,[5u97A78C$R+X6-C}(Fe@0{CIT[1H19WfOc 3uq<3S@F)M(1X1UD{e6tG<(Be\gcwfvOHn^F3/Afx]Y}y]fdUUO\k",0,0,0,,,,,,,,,,,,,,,,,"REM",1,"7-4-3-14.5",0.34999999,0.25,0.2,0.03205128,0.07,2184,2254,22.11174,2.73,1,0,1,0,0,0,1,1,1,0,0,0,1,0,0,0,0,0,0,0,0,0,0,0,0,0,0,0,0,0,"\ !8C5%A/%0&M.","b/V>\;NX7",,"c%!2R[>fdhpW",,,,"Road/Highway Embankment",,,,,,,,0.3683933,,9.1463413,,,,,,,,,0,0,,,,,,300,,,,,,,,,0
"268642531",2.5,,"AZ923","9-23","TX1060-333","3-3-3-17","09/02/03 09:07:30",,,,,,,,,,,,,,"$6% @G&M+A;(1)",,,"xA )H/%F}uqn+1(4/dR/6-G> Nr$<G (e4G1V-N3>:#uqv$T%.9d\W1/) F8MtbT2%SX8N^V+JOHf^.VEA!@D$YRfO$C7Fe+J&1N(VN.T7Ws)H}Su,^1fuhi{svOP:#-41tG/xTvcm\tWcgiE",0,0,0,,,,,,,,,,,,,,,,,"REM",1,"3-3-3-17",0.52999997,0.42857146,0.30000001,0.084126987,0.15899999,1890,2049,20.100691,2.7,1,0,1,0,0,0,1,1,1,0,0,0,1,0,0,0,0,0,0,0,0,0,0,0,0,0,0,0,0,0,"(9V)X9,P[!$01C","\3>VF.",,"ln< qe%y<efq",,,,"Road/Highway Embankment",,,,,,,,0.43190855,,3.3536584,,,,,,,,,0,0,,,,,,300,,,,,,,,,0
"270169628",2.5,,"AZ923","9-23","WsTk12-212","2-1-2-18","09/08/03 16:23:10",,,,,,,,,,,,,,"%+63J",,,"aGM*-B(i[dR#8+7!$er^:1F$SGo()6C5Hz45T/&D@4^dR%-N-> e%L*0(3e0Vs>VJ/.!^321#.fL<)0)sOv(7,JreG6N1es^T7*T5@;!HHEA0L/Ydg0FPsIWczjGs;(K28sR[#OOWtlvEo]ef",0.22139999,0.36899999,0.1476,,,,,,,,,,,,,,,,,"REM",1,"2-1-2-18",0.81,0.56250006,0.36000001,0.17000934,0.29160002,1715.2,2006.7999,19.686707,2.6800001,1,0,1,0,0,0,1,1,1,0,1,0,1,0,0,0,0,0,0,0,0,0,0,0,0,0,0,0,0,0,"&C<:VXzthC4*VF","s9T#.-H",,"$74v;N\AFG,h",,,,"Road/Highway Embankment",,,,,,,,0.45731708,,3.2926829,,,,,,,,,0,0,,,,,,300,,,,,,,,,0
"275339603",2.5,,"AZ923","9-23","WY2019-732","7-3-2-30","09/08/03 13:08:12",,,,,,,,,,,,,,"> N(;N\X0G$.-L",,,"hA8 8<$e+tG#4#NC2sR[N/8[41q}^H%3Y801Z7 &,09tG%/300Gs\NK+,/S6FE]E 69M+N/M{9DF#15<sIg3E.ARUs#.6Su 1.B83)X^T0PU[F5rtu0GTvxf}stsOb!7.CEA hitxa\sPwpol",0.178,0.405,0.227,,,,,,,,,,,,,,,,,,0,"7-3-2-30",,,,,,,,,,0,0,0,0,0,0,0,0,1,0,0,0,1,0,0,0,0,0,0,0,0,0,0,0,0,0,0,0,0,0,"51#X&V!Y+)G.74","7*0N]-C(",,"+;@7sf6vaf,h",,,,"Road/Highway Embankment",,,,,,,,0.76219511,,17.682926,,,,,,,,,0,0,,,,,,300,,,,,,,,,0
"277377181",2.5,,"AZ923","9-23","NY4018-632","6-3-2-10","08/15/03 09:32:59",,,,,,,,,,,,,,"(-6*&%1G/",,,"b-$@B2.A7LikF$G.3UDl18Y]T4T^C2C+W4X>6^3Z&^NLimB9C+MUl5F47+s(6e6GJ^VX5!,4^NqEnZ;4Ydh1Z-VDDe+J.sI,SJ.T+-N/.*Su8E:fLx#UR\ssduEer*;Y)(es@#RqcjOQShzdp",0,0,0,,,,,,,,,,,,,,,,,"U",1,"6-3-2-10",0.55000001,0.26582277,0.20999999,0.053358585,0.1155,2164.6001,2280.1001,22.367783,2.74,1,0,1,0,0,0,1,1,1,0,1,0,1,0,0,0,0,0,0,0,0,0,0,0,0,0,0,0,0,0,"51#X&V!Y+)G.74","w!Brc&]NV",,"mn75tIcvsa}\",,,,"Road/Highway Embankment",,,,,,,,0.25405487,,3.8414633,,,,,,,,,0,0,,,,,,300,,,,,,,,,0
"280446105",2.5,,"AZ923","9-23","MS1802-143","1-4-3-18","08/14/03 12:47:05",,,,,,,,,,,,,,"$63C:/}N0tuG8(",,,";9G-2(^F/rtwG)-0Gos{/1H, )u*(+X&i<R^E554<:2rtaVB*8To(B30+-F;Cq<3S@F)M(1X]1UDfV79Gsn%A1MsWW6X5FS*A4#E&3*V0JOP&D}er}]QIrnck[uWs!@-:9qEz%Lki[exOsduE",0,0,0,,,,,,,,,,,,,,,,,"REM",1,"1-4-3-18",0.82999998,0.33333334,0.25,0.10362047,0.2075,2002.5,2210,21.680099,2.6700001,1,0,1,0,0,0,1,1,1,0,1,0,1,0,0,0,0,0,0,0,0,0,0,0,0,0,0,0,0,0,";V1.@^)S@V.^Z+","hB+1$H:.1(+(",,"& /9Rd-\lOot",,,,"Road/Highway Embankment",,,,,,,,0.45731708,,2.5914633,,,,,,,,,0,0,,,,,,300,,,,,,,,,0
"284323586",2.5,,"AZ923","9-23","MT7066-711","7-1-1-10","08/14/03 14:06:22",,,,,,,,,,,,,,"<:GN^J7G4sg6F5",,,"aGM*-B(i[dR#8+7!$er^:1F$SGo()6C5Hz45T/&D@4^dR%-N-> e%L*0(3e0Vs>VJ/.!^321#.fL<)0)sOv(7,JreG6N1es^T7*T5@;!HHEA0L/Ydg0FPsIWczjGs;(K28sR[#OOWtlvEo]ef",0,0,0,,,,,,,,,,,,,,,,,"REM",1,"7-1-1-10",0.87,0.19047618,0.16,0.060041405,0.13919999,2318.3999,2457.5999,24.109055,2.76,1,0,1,0,0,0,1,1,1,0,0,0,1,0,0,0,0,0,0,0,0,0,0,0,0,0,0,0,0,0,"--1 (M7s;C +X3","hV84:/R ",,"<b{<uz^di>Pf",,,,"Road/Highway Embankment",,,,,,,,0.25406402,,21.341463,,,,,,,,,0,0,,,,,,300,,,,,,,,,0
"284837033",2.5,,"AZ923","9-23","AZ0215-412","4-1-2-11.5","07/25/03 10:54:16",,,,,,,,,,,,,,"n/GX</))3qh+D&",,,"yA4^M12s>Wsz%])8MEA ^6B10GO<-^:Vr--1M(1F.C*Ws}</$6AEcU..#YR02P!6*3K0;N+25Gso&+^COHt!J22AhL&9WRs#M9< V12[T2Te9o3RW<+4FijbqwxLi{M225PUnqebkP\aTm}nv",0,0,0,,,,,,,,,,,,,,,,,"REM",1,"4-1-2-11.5",0.56,0.2820513,0.22000001,0.058283661,0.12320001,2113.8,2237,21.944969,2.71,1,0,1,0,0,0,1,1,1,0,0,0,1,0,0,0,0,0,0,0,0,0,0,0,0,0,0,0,0,0,"51#X&V!Y+)G.74","/6>4&;HM",,"j *@e[5h[agc",,,,"Road/Highway Embankment",,,,,,,,0.28963414,,26.219513,,,,,,,,,0,0,,,,,,300,,,,,,,,,0
"285334269",2.5,,"AZ923","9-23","MT7066-712","7-1-2-10.5","08/14/03 14:54:41",,,,,,,,,,,,,,"a1CJ,A34)e<2F+",,,"j4H#V$FR6OPc^]N2BGs<)3U T W(.%:^u51#Q&8-V)BOPz:/04JG(Z780Ms%4s#.*!HC/&B8;CYdcX(6UDt3L4+sPT/THsR:T0> ^9B&3SLi!d@sOb)8FvmkI[wTe 8Y$-sOmqSlbsy\Lgr,u",0,0,0,,,,,,,,,,,,,,,,,"REM",1,"7-1-2-10.5",0.82999998,0.19047618,0.16,0.057280879,0.1328,2318.3999,2451.2,24.046272,2.76,1,0,1,0,0,0,1,1,1,0,1,0,1,0,0,0,0,0,0,0,0,0,0,0,0,0,0,0,0,0,".K4<X38T^C2C+5","@(206GGG",,"j *@e}5nxstv",,,,"Road/Highway Embankment",,,,,,,,0.26676831,,21.341463,,,,,,,,,0,0,,,,,,300,,,,,,,,,0
"286871698",2.5,,"AZ923","9-23","NM0105-113","1-1-3-22","08/15/03 09:07:00",,,,,,,,,,,,,,"\)R0)!$+9",,,":C%>+5ME]fL]/0 C8PUn;3T7-GIz0G7XR@T/5!%V2(%fL,%Y)0XP[4)84HG09T/TB10-X6> &-uqx*1%iY;^E/NUKF/KSGs@2G1GX+/1X)FS q#Afa.VdexahhQFe)0/26Te/{ser]fUFPm{y",0.25490001,0.435,0.18009999,,,,,,,,,,,,,,,,,"U",1,"1-1-3-22",0.91000003,0.66666663,0.39999998,0.22060606,0.36399999,1650,2014,19.757339,2.75,1,0,1,0,0,0,1,1,1,0,0,0,0,0,0,0,0,0,0,0,0,0,0,0,0,0,0,0,0,0,"4G1)-H/Ok:)8C6","fZ*ij:MC1G/",,"+!(&DO}mzzpc",,,,"Road/Highway Embankment",,,,,,,,0.55894208,,3.4024391,,,,,,,,,0,0,,,,,,300,,,,,,,,,0
"306840419",2.5,,"AZ923","9-23","CO7035-742","7-4-2-48","08/13/03 17:42:21",,,,,,,,,,,,,,"%8 J4.-MX",,,"h0G-&,)u EA%( /N sO; <48KBG( -0Xo40*E5!%!81EA&#Z&10s>F2>[Jr7^s@2G1GX+/1X))FS:C%^fLz$W^AOoUx ArtbT2%SX8N^VJOH{S-qEsV0itzy}kaUDnVJ5;sI}:sjcaqxOQOrg",0.176,0.35699999,0.18099999,,,,,,,,,,,,,,,,,"U",1,"7-4-2-48",0.87,0.63934422,0.38999999,0.20300345,0.33929998,1671.4,2010.7,19.724966,2.74,1,0,1,0,0,0,1,1,1,0,0,0,1,0,0,0,0,0,0,0,0,0,0,0,0,0,0,0,0,0,"+A&^Z/@ixN C59","{]A(7)NH ",,"),;0Lb!tzs}a",,,,"Road/Highway Embankment",,,,,,,,1.2195122,,9.1463413,,,,,,,,,0,0,,,,,,300,,,,,,,,,0
"311014493",2.5,,"AZ923","9-23","WA7322-812","8-1-2-22","09/08/03 12:39:32",,,,,,,,,,,,,,"(/0G6N2H+",,,"[A2V6*GOcFS[M%+X(iY-(1H/C^F^2B<XI:S1HX(51.:FS>02^V8ixQ40+NU>&e+J&1N(VN.T-7Ws]@]$uqj#Q@ZYgR6XGUDvSZ4-X6)3TBsR%s*HFq6EEy\plqcRs!7B,!er^wsduz\gsya[q",0.19599999,0.33500001,0.13900001,,,,,,,,,,,,,,,,,"U",1,"8-1-2-22",0.91000003,0.66666663,0.39999998,0.22222221,0.36399999,1638,2002,19.63962,2.73,1,0,1,0,0,0,1,1,1,0,1,0,1,0,0,0,0,0,0,0,0,0,0,0,0,0,0,0,0,0,"%23C8H.R{C8;!(","5 5K/(.*$6A",,"j *@ec5kxwd]",,,,"Road/Highway Embankment",,,,,,,,0.5589329,,7.6219511,,,,,,,,,0,0,,,,,,300,,,,,,,,,0
"319648795",2.5,,"AZ923","9-23","CO1053-753","7-5-3-43","08/13/03 16:06:48",,,,,,,,,,,,,,"cC3C:*F6X",,,">2+C/6/d>sO\7,$0CtG/.%R0GGR{C8;!S+A&2Z^1$N*sO{+ :8KthW0$8Ao05W6X),49C+#E! iY*+2.PUe,A8HGfI,SEos>VJ/.!^321.fL-Y9Rsn/ZDInlbpvIT(XZ2+Ws:aFih}wifplqc",0.213,0.44100001,0.22800002,,,,,,,,,,,,,,,,,"U",1,"7-5-3-43",0.94,0.66666663,0.39999998,0.22541966,0.37599999,1668,2044,20.05164,2.78,1,0,1,0,0,0,1,1,1,0,0,0,1,0,0,0,0,0,0,0,0,0,0,0,0,0,0,0,0,0,"[H2(*J#L!&F)X3","j@T!;8/D%",,"#/$;fe@ka,y}",,,,"Road/Highway Embankment",,,,,,,,1.0924786,,2.3780489,,,,,,,,,0,0,,,,,,300,,,,,,,,,0
"326639493",2.5,,"AZ923","9-23","VT1681-621","6-2-1-11.5","09/04/03 12:41:33",,,,,,,,,,,,,,"$6% @G&M+A;(1)",,,"aGM*-B(i[dR#8+7!$er^:1F$SGo()6C5Hz45T/&D@4^dR%-N-> e%L*0(3e0Vs>VJ/.!^321#.fL<)0)sOv(7,JreG6N1es^T7*T5@;!HHEA0L/Ydg0FPsIWczjGs;(K28sR[#OOWtlvEo]ef",0,0,0,,,,,,,,,,,,,,,,,"REM",1,"6-2-1-11.5",0.27000001,0.29870132,0.23,0.0296505,0.062100004,2094.3999,2156.5,21.155266,2.72,1,0,1,0,0,0,1,1,1,0,0,0,1,0,0,0,0,0,0,0,0,0,0,0,0,0,0,0,0,0,"4G1)-H/Ok:)8C6","{X4Y-%VC",,"/[9)Pw]uilbz",,,,"Road/Highway Embankment",,,,,,,,0.2921747,,3.0487804,,,,,,,,,0,0,,,,,,300,,,,,,,,,0
"330732398",2.5,,"AZ923","9-23","WsTk12-211","2-1-1-17.5","09/08/03 16:12:08",,,,,,,,,,,,,,"b*)AC",,,"e/N3N[GI,es{G$6C8HFc32X@E(ixN C5P$6,A12$1 &es[V9+0XHj9X9^4f!BY50J/M.#;3KcMGs{(4Cosh*E/-FAu 12fL&9K^T57 < Grt}s&Te< QRqxaPoOuq,*R;3Yd{#OgwiInrkI[w",0.22,0.42050001,0.20050001,,,,,,,,,,,,,,,,,"REM",1,"2-1-1-17.5",0.86000001,0.58730161,0.37,0.18846245,0.31820002,1688.4,2006.6,19.684746,2.6800001,1,0,1,0,0,0,1,1,1,0,0,0,1,0,0,0,0,0,0,0,0,0,0,0,0,0,0,0,0,0,"40*C5&(Fb8M(*D","</2!H/0",,"/0$ .-4YLo,a",,,,"Road/Highway Embankment",,,,,,,,0.4446128,,3.2926829,,,,,,,,,0,0,,,,,,300,,,,,,,,,0
"336473358",2.5,,"AZ923","9-23","TN3101-521","5-2-1-25","08/25/03 15:32:30",,,,,,,,,,,,,,"^VFJ-(6H5",,,"kA8<^!1q<Afh0@F)GOP>@,R4J#s,*NC8s;V1Z@;(5V)Afk58N%TO<M+[8Dt]DI,SJ.T+-N/.**Su%/!XLifVV1CPODvSLtG6N53T8X(*T0HF<u4EA;!KY}tcgleDF(1D{XIT*#o\yd\sHWuvn",0.34599999,0.76499999,0.419,,,,,,,,,,,,,,,,,"U",1,"5-2-1-25",0.99000001,1,0.5,0.35357144,0.495,1400,1895,18.589951,2.8,1,0,1,0,0,0,1,1,1,0,0,0,0,0,0,0,0,0,0,0,0,0,0,0,0,0,0,0,0,0,";T/6.*{F^2B<X8"," +VT(5^%^9",,"c%!2Rz>shjui",,,,"Road/Highway Embankment",,,,,,,,0.63516158,,1.6768292,,,,,,,,,0,0,,,,,,300,,,,,,,,,0
"339998192",2.5,,"AZ923","9-23","MT7066-712","7-1-2-13.5","08/14/03 14:58:59",,,,,,,,,,,,,,"**9W!(1)",,,":C3+*,Nr(Gsx-4G7GRW/6>4;HMEcX(4)d;T/G.@%323Gs\^JC TR{W1,[5u97A78C$R+X6-C}(Fe@0{CIT[1H19WfOc 3uq<3S@F)M(1X1UD{e6tG<(Be\gcwfvOHn^F3/Afx]Y}y]fdUUO\k",0,0,0,,,,,,,,,,,,,,,,,"REM",1,"7-1-2-13.5",0.56,0.26582277,0.20999999,0.053547032,0.11759999,2196.2,2313.8,22.698378,2.78,1,0,1,0,0,0,1,1,1,0,0,0,1,0,0,0,0,0,0,0,0,0,0,0,0,0,0,0,0,0,"51#X&V!Y+)G.74","n0X;*$41",,"^*}9Ie4\xnvu",,,,"Road/Highway Embankment",,,,,,,,0.34298781,,21.341463,,,,,,,,,0,0,,,,,,300,,,,,,,,,0
"342295487",2.5,,"AZ923","9-23","TX1060-332","3-3-2-32","09/02/03 09:03:59",,,,,,,,,,,,,,"b7Y4#&H/3",,,"e/N3N[GI,es{G$6C8HFc32X@E(ixN C5P$6,A12$1 &es[V9+0XHj9X9^4f!BY50J/M.#;3KcMGs{(4Cosh*E/-FAu 12fL&9K^T57 < Grt}s&Te< QRqxaPoOuq,*R;3Yd{#OgwiInrkI[w",,,,,,,,,,,,,,,,,,,,"U",1,"3-3-2-32",0.93000001,0.61290324,0.38,0.21033211,0.35339999,1680.2,2033.6,19.949615,2.71,1,0,1,0,0,0,1,1,1,0,0,0,0,0,0,0,0,0,0,0,0,0,0,0,0,0,0,0,0,0,"+A&^Z/@ixN C59","!7\Z^%",,"z.#9Of[syolz",,,,"Road/Highway Embankment",,,,,,,,0.8129878,,3.3536584,,,,,,,,,0,0,,,,,,300,,,,,,,,,0
"342372205",2.5,,"AZ923","9-23","TN3101-521","5-2-1-17","08/25/03 15:19:12",,,,,,,,,,,,,,"l>LZc2#H6",,,"vV^>M8BG6IT:G-G)6sOm;!L91+fv4/N+s^M(7!1N4<BIT!VMC%Vs>7);6SE@KL&9K^T57 < zGrtdX)*esx1V*AOJF}HTEA78C$R+X6-C(Fe5t\sIf8Qo\tr}kWFS^C0!ZLi\$R\aksIFmvxR",0.34099999,0.62599999,0.285,,,,,,,,,,,,,,,,,"U",1,"5-2-1-17",1,0.85185194,0.46000004,0.30423284,0.46000004,1511.9999,1971.9999,19.34532,2.8,1,0,1,0,0,0,1,1,1,0,0,0,1,0,0,0,0,0,0,0,0,0,0,0,0,0,0,0,0,0,"^.,$9G^EcX(4)H","}Z8F:)H.X5",,"+!(&DU}nvzp,",,,,"Road/Highway Embankment",,,,,,,,0.43190855,,1.6768292,,,,,,,,,0,0,,,,,,300,,,,,,,,,0
"342746946",2.5,,"AZ923","9-23","AZ0113-23S","2-3-C-6.5","07/24/03 17:10:55",,,,,,,,,,,,,,"$6% @G&M+A;(1)",,,"m $9X4#s@Te#22 +GOHl%5W^3HL!&F)XO&C<6V0C[C-Te%6A)&TOk5 692AV-i[R71X7.@,SxZtG&6#0so:^C1CHDS*ABAf{F6V0X55(6*er6G3IT]0JseecgiESu//81&iY-msfsgPQelbpv",0,0,0,,,,,,,,,,,,,,,,,"REM",1,"2-3-C-6.5",0.33000001,0.31578946,0.23999999,0.037894737,0.0792,2090,2169.2,21.279852,2.75,1,0,1,0,0,0,1,1,1,0,0,0,1,0,0,0,0,0,0,0,0,0,0,0,0,0,0,0,0,0,"801.78]Dj0C9;F","]&B1;.9F",,"}>9)Ho)ov]ft",,,,"Road/Highway Embankment",,,,,,,,0.16514237,,15.853659,,,,,,,,,0,0,,,,,,300,,,,,,,,,0
"344818486",2.5,,"AZ923","9-23","CO7035-741","7-4-1-48","08/13/03 17:21:26",,,,,,,,,,,,,,"> N(\;NX0",,,"tJC8%14T/so# ^G.%FS$B&VV80Y+)G.7U} 3L0:F+*2so%&0C+.FbKD^@TL..d>T0-C#!18J3&sIvV27sRk1Z>/Stq<3QLi[R71X7.@,SZtG9I!esc0CW\sQOrgqE}Z4 )dR/zPsUpvmtE}ji",0.176,0.35699999,0.18099999,,,,,,,,,,,,,,,,,"U",1,"7-4-1-48",1,0.53846157,0.35000002,0.19651882,0.35000002,1781,2131,20.905109,2.74,1,0,1,0,0,0,1,1,1,0,0,0,1,0,0,0,0,0,0,0,0,0,0,0,0,0,0,0,0,0,"(9V)X9,P[!$01C","t;G9$++J!",,"j *@e[5jxsac",,,,"Road/Highway Embankment",,,,,,,,1.2195122,,9.1463413,,,,,,,,,0,0,,,,,,300,,,,,,,,,0
"344886355",2.5,,"AZ923","9-23","KS4054-533","5-3-3-16","08/14/03 10:18:58",,,,,,,,,,,,,,"j9SM3:G3(",,,"xA )H/%F}uqn+1(4/dR/6-G> Nr$<G (e4G1V-N3>:#uqv$T%.9d\W1/) F8MtbT2%SX8N^V+JOHf^.VEA!@D$YRfO$C7Fe+J&1N(VN.T7Ws)H}Su,^1fuhi{svOP:#-41tG/xTvcm\tWcgiE",0.222,0.46700001,0.245,,,,,,,,,,,,,,,,,"U",1,"5-3-3-16",0.94999999,0.66666663,0.39999998,0.22946858,0.38,1656,2036,19.97316,2.76,1,0,1,0,0,0,1,1,1,0,0,0,1,0,0,0,0,0,0,0,0,0,0,0,0,0,0,0,0,0,"%23C8H.R{C8;!(",")8M}4^%",,"^*}9Iq4\zncr",,,,"Road/Highway Embankment",,,,,,,,0.4064939,,3.8109756,,,,,,,,,0,0,,,,,,300,,,,,,,,,0
"347120178",2.5,,"AZ923","9-23","AL0101-131","1-3-1-23","07/23/03 14:03:11",,,,,,,,,,,,,,"<+5*z1CN;",,,"sZ/B618P!DF:C5#C4Te/41N&T8Hj$1V/A3860M(F/6/DF!3H<0NT^WC0%0s+*F}HH&3Z&8$R>7sO[.,:er{[E+3efo60CsOc -5A/*M@F6dR9O)UDy8YtUxqe\vos[-Y(@FS$!Eyzrkudy}ka",0.32539999,0.45500001,0.12960002,,,,,,,,,,,,,,,,,"U",1,"1-3-1-23",0.85000002,0.61290324,0.38,0.18807501,0.32300001,1717.4,2040.4,20.016325,2.77,1,0,1,0,0,0,1,1,1,0,0,0,1,0,0,0,0,0,0,0,0,0,0,0,0,0,0,0,0,0,"51#X&V!Y+)G.74","-9GM]3B^",,",v{7rxxo[ka}",,,,"Road/Highway Embankment",,,,,,,,0.58432925,,7.7743902,,,,,,,,,0,0,,,,,,300,,,,,,,,,0
"362019273",2.5,,"AZ923","9-23","MT7066-713","7-1-3-13","08/14/03 15:17:38",,,,,,,,,,,,,,"(/0L6G0X",,,"z8F&H/3UxFe<B{G -es@N^M0X%Fb8M(*f,F$W+N3--;Fe;8+C(2e(DK%&AO,&S*A4#E&3*V0,JOP}#]0rty1M%Jsus>VEOHv4N21*Z^69KRs)P^DF]4AG\auc[dsR>XN[!Su(nA{pntzRcgle",0,0,0,,,,,,,,,,,,,,,,,"REM",1,"7-1-3-13",0.60000002,0.25,0.2,0.053956836,0.12,2224,2344,22.99464,2.78,1,0,1,0,0,0,1,1,1,0,0,0,1,0,0,0,0,0,0,0,0,0,0,0,0,0,0,0,0,0," J[C6.4e(7G)-F","<0GC- VG",,"! #%sg+iQrgn",,,,"Road/Highway Embankment",,,,,,,,0.33028445,,21.341463,,,,,,,,,0,0,,,,,,300,,,,,,,,,0
"364316569",2.5,,"AZ923","9-23","TX1060-333","3-3-3-26","09/02/03 13:27:41",,,,,,,,,,,,,,"z9RB N 7X",,,"vV^>M8BG6IT:G-G)6sOm;!L91+fv4/N+s^M(7!1N4<BIT!VMC%Vs>7);6SE@KL&9K^T57 < zGrtdX)*esx1V*AOJF}HTEA78C$R+X6-C(Fe5t\sIf8Qo\tr}kWFS^C0!ZLi\$R\aksIFmvxR",0.20200001,0.32800001,0.126,,,,,,,,,,,,,,,,,"U",1,"3-3-3-26",0.80000001,0.61290324,0.38,0.17894985,0.30400002,1698.8,2002.8,19.647469,2.74,1,0,1,0,0,0,1,1,1,0,0,0,0,0,0,0,0,0,0,0,0,0,0,0,0,0,0,0,0,0,"%23C8H.R{C8;!(","}Z:00-",,"+$9#Wz/fuoOv",,,,"Road/Highway Embankment",,,,,,,,0.66054881,,3.3536584,,,,,,,,,0,0,,,,,,300,,,,,,,,,0
"364388836",2.5,,"AZ923","9-23","AZ0215-413","4-1-3-11.5","07/25/03 11:09:12",,,,,,,,,,,,,,"s;)H02%+MLx/H+",,,"yA4^M12s>Wsz%])8MEA ^6B10GO<-^:Vr--1M(1F.C*Ws}</$6AEcU..#YR02P!6*3K0;N+25Gso&+^COHt!J22AhL&9WRs#M9< V12[T2Te9o3RW<+4FijbqwxLi{M225PUnqebkP\aTm}nv",0,0,0,,,,,,,,,,,,,,,,,"REM",1,"4-1-3-11.5",0.62,0.2345679,0.19,0.053664979,0.1178,2195.1001,2312.9001,22.68955,2.71,1,0,1,0,0,0,1,1,1,0,0,0,1,0,0,0,0,0,0,0,0,0,0,0,0,0,0,0,0,0,"--1 (M7s;C +X3","kN+C58T2",,"-\-!ds<zkkjU",,,,"Road/Highway Embankment",,,,,,,,0.28963414,,26.219513,,,,,,,,,0,0,,,,,,300,,,,,,,,,0
"365380340",2.5,,"AZ923","9-23","AL0101-131","1-3-1-15","07/23/03 11:05:58",,,,,,,,,,,,,,"\)R0)!$+9",,,"tJC8%14T/so# ^G.%FS$B&VV80Y+)G.7U} 3L0:F+*2so%&0C+.FbKD^@TL..d>T0-C#!18J3&sIvV27sRk1Z>/Stq<3QLi[R71X7.@,SZtG9I!esc0CW\sQOrgqE}Z4 )dR/zPsUpvmtE}ji",0.3258,0.51950002,0.19370002,,,,,,,,,,,,,,,,,"U",1,"1-3-1-15",0.85000002,0.75438601,0.43000001,0.23232903,0.36550003,1573.2,1938.7,19.018646,2.76,1,0,1,0,0,0,1,1,1,0,1,0,1,0,0,0,0,0,0,0,0,0,0,0,0,0,0,0,0,0,"40*C5&(Fb8M(*D","*A2R- 1G",,"j *@e[5b[df,",,,,"Road/Highway Embankment",,,,,,,,0.38109756,,7.7743902,,,,,,,,,0,0,,,,,,300,,,,,,,,,0
"366407288",2.5,,"AZ923","9-23","MnRd4-651","6-5-1-20","09/08/03 15:40:40",,,,,,,,,,,,,,"k0N[$98C5*A/#H6X H5",,,">2+C/6/d>sO\7,$0CtG/.%R0GGR{C8;!S+A&2Z^1$N*sO{+ :8KthW0$8Ao05W6X),49C+#E! iY*+2.PUe,A8HGfI,SEos>VJ/.!^321.fL-Y9Rsn/ZDInlbpvIT(XZ2+Ws:aFih}wifplqc",0.167,0.28099999,0.11399999,,,,,,,,,,,,,,,,,"REM",1,"6-5-1-20",0.89999998,0.44927537,0.31,0.15031518,0.27899998,1856.1,2135.1001,20.945332,2.6900001,1,0,1,0,0,0,1,1,1,0,1,0,0,0,0,0,0,0,0,0,0,0,0,0,0,0,0,0,0,0,"@T/;!+*u*(+X&1","@+2S6X00)6",,";1{V!(VY\",,,,"Road/Highway Embankment",,,,,,,,0.50792682,,1.6158537,,,,,,,,,0,0,,,,,,300,,,,,,,,,0
"366920736",2.5,,"AZ923","9-23","VT1681-621","6-2-1-20","09/04/03 12:46:08",,,,,,,,,,,,,,"@++E#Z!/XR<89.",,,"bN7:^3CtbsIlN22C Ws:!,06A.A/%0&MR4X-X#;X89>sIn9A700W(G([;Gq^ f{F6V0X55(6\*er!;2 Te:.E^0spHv4JqE]E 69M+N/M9DF7r.Gsm$Tsjxya[qHFz9L%*fL#kdecjgqDWczj",0,0,0,,,,,,,,,,,,,,,,,"REM",1,"6-2-1-20",0.33000001,0.29870132,0.23,0.036239497,0.075900003,2094.3999,2170.2998,21.290642,2.72,1,0,1,0,0,0,1,1,1,0,1,0,1,0,0,0,0,0,0,0,0,0,0,0,0,0,0,0,0,0,"386&M6<s>67!!X","hX6 *[48",,"c%!2Rc>kmePi",,,,"Road/Highway Embankment",,,,,,,,0.50810975,,3.0487804,,,,,,,,,0,0,,,,,,300,,,,,,,,,0
"370503107",2.5,,"AZ923","9-23","NV0204-822","8-2-2-18","08/14/03 17:08:21",,,,,,,,,,,,,,"xB1R[89.",,,"[A2V6*GOcFS[M%+X(iY-(1H/C^F^2B<XI:S1HX(51.:FS>02^V8ixQ40+NU>&e+J&1N(VN.T-7Ws]@]$uqj#Q@ZYgR6XGUDvSZ4-X6)3TBsR%s*HFq6EEy\plqcRs!7B,!er^wsduz\gsya[q",0.186,0.21699999,0.030999988,,,,,,,,,,,,,,,,,"REM",1,"8-2-2-18",0.63999999,0.25,0.2,0.05947955,0.12799999,2152,2280,22.3668,2.6900001,1,0,1,0,0,0,1,1,1,0,0,0,1,0,0,0,0,0,0,0,0,0,0,0,0,0,0,0,0,0,"--1 (M7s;C +X3","v@6^)BM",,"{}0:ir;[s]kf",,,,"Road/Highway Embankment",,,,,,,,0.45731708,,18.902439,,,,,,,,,0,0,,,,,,300,,,,,,,,,0
"374098777",2.5,,"AZ923","9-23","NV0204-823","8-2-3-18","08/14/03 17:14:41",,,,,,,,,,,,,,"/#H2<F.X",,,":B-9H.GR:sOa$:1V.Afx8$I%T8P[!$01txT+1VN01)(sOd>5891A/2N#19s+0Ux G8J;X.%S6Josc-2.HFa5T&4fYi[RVsO$C(,S10:1N5es/s@Wsn,7Slvtt>PiY.+Y(7UDl:rnE]dyeck[u",0.186,0.21699999,0.030999988,,,,,,,,,,,,,,,,,"REM",1,"8-2-3-18",0.55000001,0.29870132,0.23,0.061072759,0.12650001,2071.3,2197.8,21.560419,2.6900001,1,0,1,0,0,0,1,1,1,0,1,0,1,0,0,0,0,0,0,0,0,0,0,0,0,0,0,0,0,0,"xT+*VH5o()6C5^","\)W, H8",,"+!(&DO}zzcpz",,,,"Road/Highway Embankment",,,,,,,,0.45731708,,18.902439,,,,,,,,,0,0,,,,,,300,,,,,,,,,0
"379779285",2.5,,"AZ923","9-23","WA7322-813","8-1-3-29","09/08/03 12:51:51",,,,,,,,,,,,,,"^VFJ-(6H5",,,"aGM*-B(i[dR#8+7!$er^:1F$SGo()6C5Hz45T/&D@4^dR%-N-> e%L*0(3e0Vs>VJ/.!^321#.fL<)0)sOv(7,JreG6N1es^T7*T5@;!HHEA0L/Ydg0FPsIWczjGs;(K28sR[#OOWtlvEo]ef",0.207,0.331,0.124,,,,,,,,,,,,,,,,,"U",1,"8-1-3-29",0.92000002,0.61290324,0.38,0.2021043,0.34960002,1729.7999,2079.3999,20.398912,2.79,1,0,1,0,0,0,1,1,1,0,0,0,1,0,0,0,0,0,0,0,0,0,0,0,0,0,0,0,0,0,")T^+X9+Hj$1V//","54 F16GJ)&T",,"::[{elzbW}hq",,,,"Road/Highway Embankment",,,,,,,,0.7367866,,7.6219511,,,,,,,,,0,0,,,,,,300,,,,,,,,,0
"384667449",2.5,,"AZ923","9-23","WA7322-812","8-1-2-10.5","09/08/03 12:32:59",,,,,,,,,,,,,,"h3M1$T#(8Y: F5",,,":C%>+5ME]fL]/0 C8PUn;3T7-GIz0G7XR@T/5!%V2(%fL,%Y)0XP[4)84HG09T/TB10-X6> &-uqx*1%iY;^E/NUKF/KSGs@2G1GX+/1X)FS q#Afa.VdexahhQFe)0/26Te/{ser]fUFPm{y",0,0,0,,,,,,,,,,,,,,,,,"REM",1,"8-1-2-10.5",0.49000001,0.31578946,0.23999999,0.053728066,0.1176,2188.8,2306.4001,22.625786,2.8800001,1,0,1,0,0,0,1,1,1,0,1,0,1,0,0,0,0,0,0,0,0,0,0,0,0,0,0,0,0,0,"\ !8C5%A/%0&M.","#-XK..T7+0X",,">]79oc.we}jo",,,,"Road/Highway Embankment",,,,,,,,0.26676831,,7.6219511,,,,,,,,,0,0,,,,,,300,,,,,,,,,0
"386907153",2.5,,"AZ923","9-23","MT7066-713","7-1-3-30","08/14/03 15:20:13",,,,,,,,,,,,,,"> N(\;NX0",,,"gJG6H^6s#HFg13.^HLi\X^U+M7Dj0C9;s%23E8N.*C HFj7S(@EL!1S%0CP))F/KM[T6(11G JRW&5[:Su>&2B7iRd>TZPUx G8J;X.%SJos#W3OHy;SqwizybodR 5X*#Fe&>G\qqvxocwfv",0.16599999,0.331,0.16500001,,,,,,,,,,,,,,,,,"U",1,"7-1-3-30",0.80000001,0.49253738,0.33000004,0.14328361,0.26400003,1842.4999,2106.5,20.664764,2.75,1,0,1,0,0,0,1,1,1,0,0,0,0,0,0,0,0,0,0,0,0,0,0,0,0,0,0,0,0,0,"@T/;!+*u*(+X&1","l&T.)% )",,"{}0:ir;,t[qa",,,,"Road/Highway Embankment",,,,,,,,0.76219511,,21.341463,,,,,,,,,0,0,,,,,,300,,,,,,,,,0
"395404285",2.5,,"AZ923","9-23","VT1681-622","6-2-2-35","09/04/03 13:01:51",,,,,,,,,,,,,,";V1B+G3@",,,"hA8 8<$e+tG#4#NC2sR[N/8[41q}^H%3Y801Z7 &,09tG%/300Gs\NK+,/S6FE]E 69M+N/M{9DF#15<sIg3E.ARUs#.6Su 1.B83)X^T0PU[F5rtu0GTvxf}stsOb!7.CEA hitxa\sPwpol",0,0,0,,,,,,,,,,,,,,,,,"REM",1,"6-2-2-35",0.61000001,0.38888887,0.28,0.087535873,0.1708,1951.2001,2122,20.81682,2.71,1,0,1,0,0,0,1,1,1,0,1,0,0,0,0,0,0,0,0,0,0,0,0,0,0,0,0,0,0,0,"$6,01NxG( -0X0","w9B0#@E%",,"{}0:ii;,dvfm",,,,"Road/Highway Embankment",,,,,,,,0.8892256,,3.0487804,,,,,,,,,0,0,,,,,,300,,,,,,,,,0
"400292449",2.5,,"AZ923","9-23","TX4143-32S","3-2-S-12","09/04/03 12:38:38",,,,,,,,,,,,,,"cB/3Y+: Y(N.",,,"tJC8%14T/so# ^G.%FS$B&VV80Y+)G.7U} 3L0:F+*2so%&0C+.FbKD^@TL..d>T0-C#!18J3&sIvV27sRk1Z>/Stq<3QLi[R71X7.@,SZtG9I!esc0CW\sQOrgqE}Z4 )dR/zPsUpvmtE}ji",0.1899,0.359,0.1691,,,,,,,,,,,,,,,,,"REM",1,"3-2-S-12",0.81,0.66666663,0.39999998,0.19708028,0.324,1644,1968,19.30608,2.74,1,0,1,0,0,0,1,1,1,0,0,0,0,0,0,0,0,0,0,0,0,0,0,0,0,0,0,0,0,0,".T.C+7-s>;$$9Z","!@^7)V",,"} )(UO{Ib\mI",,,,"Road/Highway Embankment",,,,,,,,0.30487806,,2.9268293,,,,,,,,,0,0,,,,,,300,,,,,,,,,0
"400830957",2.5,,"AZ923","9-23","AR2042-154","1-5-4-13","07/29/03 16:58:28",,,,,,,,,,,,,,"h3M1$T(8Y:# F5PUd;NS",,,"tJC8%14T/so# ^G.%FS$B&VV80Y+)G.7U} 3L0:F+*2so%&0C+.FbKD^@TL..d>T0-C#!18J3&sIvV27sRk1Z>/Stq<3QLi[R71X7.@,SZtG9I!esc0CW\sQOrgqE}Z4 )dR/zPsUpvmtE}ji",0,0,0,,,,,,,,,,,,,,,,,,0,"1-5-4-13",,,,0.1983,,,,,,0,0,0,0,0,0,0,0,1,0,0,0,0,0,0,0,0,0,0,0,0,0,0,0,0,0,0,0,0,0,"!3B%3 ;d\C86.&","l1HB3-F4 ",,"k(56G[3qq\zm",,,,"Road/Highway Embankment",,,,,,,,0.33028352,,0.60975611,,,,,,,,,0,0,,,,,,300,,,,,,,,,0
"406177997",2.5,,"AZ923","9-23","NE0114-543","5-4-3-28","08/14/03 16:41:04",,,,,,,,,,,,,,"(&BJ(6%^^",,,"e/N3N[GI,es{G$6C8HFc32X@E(ixN C5P$6,A12$1 &es[V9+0XHj9X9^4f!BY50J/M.#;3KcMGs{(4Cosh*E/-FAu 12fL&9K^T57 < Grt}s&Te< QRqxaPoOuq,*R;3Yd{#OgwiInrkI[w",0.227,0.44800001,0.22100002,,,,,,,,,,,,,,,,,,0,"5-4-3-28",0.9837603,0.69491524,0.41,0.24950001,0.40334171,1616.6,2019.9417,19.815628,2.74,0,0,1,1,0,0,1,1,1,0,0,0,1,0,0,0,0,0,0,0,0,0,0,0,0,0,0,0,0,0,"zS89;H3Iz0G7X.",";+BN(8^+)",,"::[{evzzp,kt",,,,"Road/Highway Embankment",,,,,,,,0.71138108,,4.1463413,,,,,,,,,0,0,,,,,,300,,,,,,,,,0
"408475292",2.5,,"AZ923","9-23","TX1077-123","1-2-3-31","09/02/03 14:05:59",,,,,,,,,,,,,,"[:.Gx0B%X",,,"]H#V3%Ns^sRbG(%:)uq]&B1.9FR(.3-#F.K4.X. 3C5sRcVC;[4u*C6V!ZY15s#M9< V12[T42Te&82)Wsb>6!GqQA78DYd>T0-C#!18J&sI@e3osg&QOOQPm{yAf\330+sO;cDImxnWsqe\v",0,0,0,,,,,,,,,,,,,,,,,"U",1,"1-2-3-31",0.54000002,0.61290324,0.38,0.12349543,0.20520002,1661.6,1866.7999,18.313307,2.6800001,1,0,1,0,0,0,1,1,0,0,0,0,0,0,0,0,0,0,0,0,0,0,0,0,0,0,0,0,0,0,";V1.@^)S@V.^Z+","6&<K/H",,"ln< qe%y<ehu",,,,"Road/Highway Embankment",,,,,,,,0.78760064,,3.3231707,,,,,,,,,0,0,,,,,,300,,,,,,,,,0
"410055478",2.5,,"AZ923","9-23","MS1802-143","1-4-3-40","08/14/03 13:47:54",,,,,,,,,,,,,,"hVX551G1X",,,";9G-2(^F/rtwG)-0Gos{/1H, )u*(+X&i<R^E554<:2rtaVB*8To(B30+-F;Cq<3S@F)M(1X]1UDfV79Gsn%A1MsWW6X5FS*A4#E&3*V0JOP&D}er}]QIrnck[uWs!@-:9qEz%Lki[exOsduE",0.133,0.17,0.037,,,,,,,,,,,,,,,,,"U",1,"1-4-3-40",0.79000002,0.58730161,0.37,0.17120601,0.29230002,1707.3,1999.6001,19.616077,2.71,1,0,1,0,0,0,1,1,1,0,0,0,1,0,0,0,0,0,0,0,0,0,0,0,0,0,0,0,0,0,"4G1)-H/Ok:)8C6",">4$F+ 4X1-2^",,"z.#9Ok[syI\x",,,,"Road/Highway Embankment",,,,,,,,1.01625,,2.5914633,,,,,,,,,0,0,,,,,,300,,,,,,,,,0
"410325474",2.5,,"AZ923","9-23","AR2042-152","1-5-2-23","07/29/03 16:41:26",,,,,,,,,,,,,,"hVX551G1X",,,"dT(5 V s#PUs$4C9#sI}11K006s>;$$9q!3B93*H^C PUf>J27-s,VF0 AR&DOc -5A/*M@F:6dR&5+-DF[8S[AIEe6GERW6X),49C+#E iY2R3OPl>7eblE}jies$X2^XOHlguxte{oii{sv",0.1825,0.255,0.07249999,,,,,,,,,,,,,,,,,"U",1,"1-5-2-23",0.50999999,0.85185194,0.46000004,0.16090536,0.23460001,1458,1692.6,16.604406,2.7,1,0,1,0,0,0,1,1,1,0,1,0,1,0,0,0,0,0,0,0,0,0,0,0,0,0,0,0,0,0," J[C6.4e(7G)-F",":!+)^HZ./",,"j *@e[5f]sw]",,,,"Road/Highway Embankment",,,,,,,,0.58434755,,0.60975611,,,,,,,,,0,0,,,,,,300,,,,,,,,,0
"430126031",2.5,,"AZ923","9-23","TN3101-523","5-2-3-20","08/25/03 16:15:19",,,,,,,,,,,,,,"$,R27)NH8",,,";9G-2(^F/rtwG)-0Gos{/1H, )u*(+X&i<R^E554<:2rtaVB*8To(B30+-F;Cq<3S@F)M(1X]1UDfV79Gsn%A1MsWW6X5FS*A4#E&3*V0JOP&D}er}]QIrnck[uWs!@-:9qEz%Lki[exOsduE",0.34099999,0.62599999,0.285,,,,,,,,,,,,,,,,,"U",1,"5-2-3-20",1,1,0.5,0.35714287,0.5,1400,1900,18.639,2.8,1,0,1,0,0,0,1,1,1,0,0,0,1,0,0,0,0,0,0,0,0,0,0,0,0,0,0,0,0,0,"386&M6<s>67!!X"," +VT(5^%^9",,"v^8$A}#ola,d",,,,"Road/Highway Embankment",,,,,,,,0.50810975,,1.6768292,,,,,,,,,0,0,,,,,,300,,,,,,,,,0
"431511455",2.5,,"AZ923","9-23","AL0101-133","1-3-3-8.25","07/24/03 15:24:27",,,,,,,,,,,,,,"m1GGV9 6NOt$(9",,,"dT(5 V s#PUs$4C9#sI}11K006s>;$$9q!3B93*H^C PUf>J27-s,VF0 AR&DOc -5A/*M@F:6dR&5+-DF[8S[AIEe6GERW6X),49C+#E iY2R3OPl>7eblE}jies$X2^XOHlguxte{oii{sv",0,0,0,,,,,,,,,,,,,,,,,"REM",1,"1-3-3-8.25",1,0.29870132,0.23,0.10480748,0.23,2194.5,2424.5,23.784346,2.8499999,1,0,1,0,0,0,1,1,1,0,0,0,1,0,0,0,0,0,0,0,0,0,0,0,0,0,0,0,0,0,";({:","kA405NY2",,"<@&[F\\\xo[k",,,,"Road/Highway Embankment",,,,,,,,0.20960365,,7.7743902,,,,,,,,,0,0,,,,,,300,,,,,,,,,0
"435172080",2.5,,"AZ923","9-23","MnRd4-653","6-5-3-15","09/08/03 15:52:30",,,,,,,,,,,,,,"v).]NA9;HzIz9RBN 7X",,,"bN7:^3CtbsIlN22C Ws:!,06A.A/%0&MR4X-X#;X89>sIn9A700W(G([;Gq^ f{F6V0X55(6\*er!;2 Te:.E^0spHv4JqE]E 69M+N/M9DF7r.Gsm$Tsjxya[qHFz9L%*fL#kdecjgqDWczj",0.167,0.28099999,0.11399999,,,,,,,,,,,,,,,,,"REM",1,"6-5-3-15",0.92000002,0.42857146,0.30000001,0.14657463,0.27600002,1883,2159,21.17979,2.6900001,1,0,1,0,0,0,1,1,1,0,1,0,0,0,0,0,0,0,0,0,0,0,0,0,0,0,0,0,0,0,"4X--#^}e%9#C6 ","{$R0,X3/-^",,"jR,0[82UO",,,,"Road/Highway Embankment",,,,,,,,0.38109756,,1.6158537,,,,,,,,,0,0,,,,,,300,,,,,,,,,0
"435453891",2.5,,"AZ923","9-23","WsTk12-213","2-1-3-30","09/08/03 16:35:54",,,,,,,,,,,,,,"f1228F-#^[e%8 J.-MX",,,"bN7:^3CtbsIlN22C Ws:!,06A.A/%0&MR4X-X#;X89>sIn9A700W(G([;Gq^ f{F6V0X55(6\*er!;2 Te:.E^0spHv4JqE]E 69M+N/M9DF7r.Gsm$Tsjxya[qHFz9L%*fL#kdecjgqDWczj",0.22409999,0.37,0.14590001,,,,,,,,,,,,,,,,,"REM",1,"2-1-3-30",0.85000002,0.72413784,0.41999996,0.22382443,0.35699999,1595.0001,1952.0001,19.14912,2.75,1,0,1,0,0,0,1,1,1,0,0,0,1,0,0,0,0,0,0,0,0,0,0,0,0,0,0,0,0,0,";T/6.*{F^2B<X8","v7X\^^N",,".//6^0!1AR,j",,,,"Road/Highway Embankment",,,,,,,,0.76219511,,3.2926829,,,,,,,,,0,0,,,,,,300,,,,,,,,,0
"440060244",2.5,,"AZ923","9-23","MnRd4-651","6-5-1-12","09/08/03 15:36:19",,,,,,,,,,,,,,"v).]NA9;HzIz9RBN 7X",,,"n3NV11 W6OHq).M(+fL#*VN0X3Ul:N20G4N%AX4F^+BOHs@GV^3fvJ51%AO/3DvSZ4-X6)3T.BsRzX(;FS\2B#TLyY50EOP!6*3K0;N+2Gso9R$sOt[2uxro]efYd[XN+.DF*<tUchrnsf}st",0.17299999,0.28600001,0.11300002,,,,,,,,,,,,,,,,,"REM",1,"6-5-1-12",0.83999997,0.44927537,0.31,0.13823856,0.2604,1883.7,2144.0999,21.033619,2.73,1,0,1,0,0,0,1,1,1,0,0,0,1,0,0,0,0,0,0,0,0,0,0,0,0,0,0,0,0,0,"&C<:VXzthC4*VF","z(6 zVN7<G",,"c2+0.2HRw",,,,"Road/Highway Embankment",,,,,,,,0.30487806,,1.6158537,,,,,,,,,0,0,,,,,,300,,,,,,,,,0
"442379633",2.5,,"AZ923","9-23","NY4018-631","6-3-1-19","08/15/03 09:28:21",,,,,,,,,,,,,,"j@DH$++J&",,,"[A2V6*GOcFS[M%+X(iY-(1H/C^F^2B<XI:S1HX(51.:FS>02^V8ixQ40+NU>&e+J&1N(VN.T-7Ws]@]$uqj#Q@ZYgR6XGUDvSZ4-X6)3TBsR%s*HFq6EEy\plqcRs!7B,!er^wsduz\gsya[q",0,0,0,,,,,,,,,,,,,,,,,"U",1,"6-3-1-19",0.63,0.21951221,0.18000001,0.050106049,0.1134,2263.2,2376.5999,23.314445,2.76,1,0,1,0,0,0,1,1,1,0,1,0,0,0,0,0,0,0,0,0,0,0,0,0,0,0,0,0,0,0,"!3B%3 ;d\C86.&","v76D\m80F",,"}>9)HO)Ok{fy",,,,"Road/Highway Embankment",,,,,,,,0.48272255,,3.7073171,,,,,,,,,0,0,,,,,,300,,,,,,,,,0
"447996669",2.5,,"AZ923","9-23","NC0205-513","5-1-3-24","08/15/03 14:24:04",,,,,,,,,,,,,,"!%E7,N82.",,,"xA )H/%F}uqn+1(4/dR/6-G> Nr$<G (e4G1V-N3>:#uqv$T%.9d\W1/) F8MtbT2%SX8N^V+JOHf^.VEA!@D$YRfO$C7Fe+J&1N(VN.T7Ws)H}Su,^1fuhi{svOP:#-41tG/xTvcm\tWcgiE",0.35499999,0.48300001,0.12800002,,,,,,,,,,,,,,,,,"U",1,"5-1-3-24",0.93000001,0.81818175,0.44999999,0.27872124,0.41849998,1501.5001,1920.0001,18.835201,2.73,1,0,1,0,0,0,1,1,1,0,0,0,1,0,0,0,0,0,0,0,0,0,0,0,0,0,0,0,0,0,"z45V/-$fv4/N+F","w[12ZG:c4)8A.T ",,"] )]Fu*j{swz",,,,"Road/Highway Embankment",,,,,,,,0.60975611,,12.195122,,,,,,,,,0,0,,,,,,300,,,,,,,,,0
"448762416",2.5,,"AZ923","9-23","NM0105-111","1-1-1-13","08/14/03 17:25:52",,,,,,,,,,,,,,"!%E7,N82.",,,":B-9H.GR:sOa$:1V.Afx8$I%T8P[!$01txT+1VN01)(sOd>5891A/2N#19s+0Ux G8J;X.%S6Josc-2.HFa5T&4fYi[RVsO$C(,S10:1N5es/s@Wsn,7Slvtt>PiY.+Y(7UDl:rnE]dyeck[u",0.26120001,0.41100001,0.1498,,,,,,,,,,,,,,,,,"U",1,"1-1-1-13",0.95999998,0.63934422,0.38999999,0.22400381,0.37439996,1671.4,2045.8,20.069298,2.74,1,0,1,0,0,0,1,1,1,0,1,0,0,0,0,0,0,0,0,0,0,0,0,0,0,0,0,0,0,0,"!3B%3 ;d\C86.&","@&9Y#<+Q/F)",,"+[%9OP(Wrc{t",,,,"Road/Highway Embankment",,,,,,,,0.33028445,,3.4024391,,,,,,,,,0,0,,,,,,300,,,,,,,,,0
"449839485",2.5,,"AZ923","9-23","AZ0215-411","4-1-1-18.5","07/25/03 10:46:31",,,,,,,,,,,,,,"^3K&8N4.V",,,"j4H#V$FR6OPc^]N2BGs<)3U T W(.%:^u51#Q&8-V)BOPz:/04JG(Z780Ms%4s#.*!HC/&B8;CYdcX(6UDt3L4+sPT/THsR:T0> ^9B&3SLi!d@sOb)8FvmkI[wTe 8Y$-sOmqSlbsy\Lgr,u",0.2032,0.228,0.024800003,,,,,,,,,,,,,,,,,"U",1,"4-1-1-18.5",0.54000002,0.33333334,0.25,0.066420667,0.13500001,2032.5,2167.5,21.263174,2.71,1,0,1,0,0,0,1,1,1,0,1,0,1,0,0,0,0,0,0,0,0,0,0,0,0,0,0,0,0,0,":S17X6 W(.%:^V","$B&V@V80",,"<b{<u{^ew,wg",,,,"Road/Highway Embankment",,,,,,,,0.47002041,,26.219513,,,,,,,,,0,0,,,,,,300,,,,,,,,,0
"452089574",2.5,,"AZ923","9-23","WA7322-811","8-1-1-29","09/04/03 15:07:19",,,,,,,,,,,,,,"hVX551G1X",,,"vV^>M8BG6IT:G-G)6sOm;!L91+fv4/N+s^M(7!1N4<BIT!VMC%Vs>7);6SE@KL&9K^T57 < zGrtdX)*esx1V*AOJF}HTEA78C$R+X6-C(Fe5t\sIf8Qo\tr}kWFS^C0!ZLi\$R\aksIFmvxR",0.207,0.331,0.124,,,,,,,,,,,,,,,,,"U",1,"8-1-1-29",0.92000002,0.61290324,0.38,0.2021043,0.34960002,1729.7999,2079.3999,20.398912,2.79,1,0,1,0,0,0,1,1,1,0,1,0,1,0,0,0,0,0,0,0,0,0,0,0,0,0,0,0,0,0,"\ !8C5%A/%0&M.","4(15V<0J./C",,"+;@7sf6}ta]j",,,,"Road/Highway Embankment",,,,,,,,0.63516158,,7.6219511,,,,,,,,,0,0,,,,,,300,,,,,,,,,0
"459331088",2.5,,"AZ923","9-23","WY2019-73S","7-3-S-16","09/08/03 13:28:56",,,,,,,,,,,,,,",%MXo(. 12C@",,,"fY V9-7Dver>#24*Nso/(*U+.$S@V.^ZL(9VVX69(!<er:,A $Ss;W4&0CH[/u 1.B83)X^T[0PUh!42tG:+13AofR:TZHF}HH&3Z&8$R7sO(U]Fe{75sdym}nvRW 5 ]^uq]jfugw}tsahhQ",0.22499999,0.447,0.222,,,,,,,,,,,,,,,,,"REM",1,"7-3-S-16",0.81999999,0.58730161,0.37,0.17199548,0.30340001,1764,2067.3999,20.281193,2.8,1,0,1,0,0,0,1,1,1,0,1,0,0,0,0,0,0,0,0,0,0,0,0,0,0,0,0,0,0,0,"^.,$9G^EcX(4)H","5502/*T0",,"k(56Gc3wq\,l",,,,"Road/Highway Embankment",,,,,,,,0.40650305,,17.682926,,,,,,,,,0,0,,,,,,300,,,,,,,,,0
"459902074",2.5,,"AZ923","9-23","PA0603-64S","6-4-S-19","08/25/03 15:08:59",,,,,,,,,,,,,,"j3X0G(3494A8",,,"r/)7G&+f{iY$ 2867DF*0470N-e(7G)-s^.,39B6#X$iY^&A./CDjYG7]AI$Zs^T7*T5@;!H%HEA)& &dR:/G( Fqr(-EIT/TB10-X6> -uq$A2Lid1CsfdwpolrtmXC#Vso/mW\aoIpubqwx",0.18799999,0.22,0.032000005,,,,,,,,,,,,,,,,,"REM",1,"6-4-S-19",0.25,0.58730161,0.37,0.052437644,0.092500001,1764,1856.5,18.212265,2.8,1,0,1,0,0,0,1,1,1,0,0,0,0,0,0,0,0,0,0,0,0,0,0,0,0,0,0,0,0,0,"<R^C52[Ul:N20$","<9A1/N#7D/R^G",,"+;@7sh6]st[g",,,,"Road/Highway Embankment",,,,,,,,0.48272255,,6.0975609,,,,,,,,,0,0,,,,,,300,,,,,,,,,0
"461852603",2.5,,"AZ923","9-23","NM0105-111","1-1-1-11","08/14/03 17:23:14",,,,,,,,,,,,,,"s;)H02+MLx%/H+su} ^.s",,,"b-$@B2.A7LikF$G.3UDl18Y]T4T^C2C+W4X>6^3Z&^NLimB9C+MUl5F47+s(6e6GJ^VX5!,4^NqEnZ;4Ydh1Z-VDDe+J.sI,SJ.T+-N/.*Su8E:fLx#UR\ssduEer*;Y)(es@#RqcjOQShzdp",0,0,0,,,,,,,,,,,,,,,,,,0,"1-1-1-11",,,,,,,,,,0,0,0,0,0,0,0,0,1,0,0,0,0,0,0,0,0,0,0,0,0,0,0,0,0,0,0,0,0,0,";T/6.*{F^2B<X8","r^2qm$*I@J#",,"@{2#sg,shyom",,,,"Road/Highway Embankment",,,,,,,,0.27946952,,3.4024391,,,,,,,,,0,0,,,,,,300,,,,,,,,,0
"469038062",2.5,,"AZ923","9-23","TX1077-122","1-2-2-22","09/02/03 13:56:10",,,,,,,,,,,,,,"xB1J[638#",,,"t5105#HL&YdmG(3-^Fe&2[U(2Ns;C +XO\ !JC+/B%7YdbVC6)6F^AZ]0BT8Do6081X@!%5A$4Afm3@NRsb-X</ewtbTMTe6GJ^VX5!,4NqE;f<iY:%QOgqUO\ktG 694Xos{bsfQpijqtt>P",0,0,0,,,,,,,,,,,,,,,,,"U",1,"1-2-2-22",0.38999999,0.61290324,0.38,0.088530466,0.14819999,1674,1822.2,17.875782,2.7,1,0,1,0,0,0,1,1,1,0,0,0,1,0,0,0,0,0,0,0,0,0,0,0,0,0,0,0,0,0,"^M(!!M\r$<G (X","[X{F34",,"mn75tQc\kanx",,,,"Road/Highway Embankment",,,,,,,,0.55884147,,3.3231707,,,,,,,,,0,0,,,,,,300,,,,,,,,,0
"478256649",2.5,,"AZ923","9-23","NE0114-541","5-4-1-19","08/14/03 16:09:09",,,,,,,,,,,,,,"}$W ;8/D+",,,"bN7:^3CtbsIlN22C Ws:!,06A.A/%0&MR4X-X#;X89>sIn9A700W(G([;Gq^ f{F6V0X55(6\*er!;2 Te:.E^0spHv4JqE]E 69M+N/M9DF7r.Gsm$Tsjxya[qHFz9L%*fL#kdecjgqDWczj",0.237,0.53200001,0.29500002,,,,,,,,,,,,,,,,,"U",1,"5-4-1-19",1,0.78571427,0.44,0.28061223,0.44,1568,2008,19.698481,2.8,1,0,1,0,0,0,1,1,1,0,0,0,0,0,0,0,0,0,0,0,0,0,0,0,0,0,0,0,0,0,",F$N+H>O<-^:VN","v7N@\$XHB",,"mn75tIc,js}z",,,,"Road/Highway Embankment",,,,,,,,0.48272255,,4.1463413,,,,,,,,,0,0,,,,,,300,,,,,,,,,0
"480382760",2.5,,"AZ923","9-23","AR2042-154","1-5-4-23.5","07/29/03 17:07:51",,,,,,,,,,,,,,"(&BJ(6%^^",,,"b-$@B2.A7LikF$G.3UDl18Y]T4T^C2C+W4X>6^3Z&^NLimB9C+MUl5F47+s(6e6GJ^VX5!,4^NqEnZ;4Ydh1Z-VDDe+J.sI,SJ.T+-N/.*Su8E:fLx#UR\ssduEer*;Y)(es@#RqcjOQShzdp",0.1957,0.25299999,0.057299986,,,,,,,,,,,,,,,,,"U",1,"1-5-4-23.5",0.87,0.51515156,0.34000003,0.16599327,0.29580003,1782,2077.8,20.383219,2.7,1,0,1,0,0,0,1,1,1,0,0,0,1,0,0,0,0,0,0,0,0,0,0,0,0,0,0,0,0,0,":S17X6 W(.%:^V",">@+NxKC#F",,"+$9#W[/aooob",,,,"Road/Highway Embankment",,,,,,,,0.59705186,,0.60975611,,,,,,,,,0,0,,,,,,300,,,,,,,,,0
"482929388",2.5,,"AZ923","9-23","AZ0215-41S","4-1-S-12","07/25/03 11:20:30",,,,,,,,,,,,,,"l,cM1",,,"aGM*-B(i[dR#8+7!$er^:1F$SGo()6C5Hz45T/&D@4^dR%-N-> e%L*0(3e0Vs>VJ/.!^321#.fL<)0)sOv(7,JreG6N1es^T7*T5@;!HHEA0L/Ydg0FPsIWczjGs;(K28sR[#OOWtlvEo]ef",0,0,0,,,,,,,,,,,,,,,,,"U",1,"4-1-S-12",0.28,0.49253738,0.33000004,0.049608082,0.092400007,1862.5999,1954.9999,19.178549,2.78,1,0,1,0,0,0,1,1,1,0,0,0,0,0,0,0,0,0,0,0,0,0,0,0,0,0,0,0,0,0,"z45V/-$fv4/N+F","\Y R[8X7",,"}>9)Ho)ov}fo",,,,"Road/Highway Embankment",,,,,,,,0.30487806,,26.219513,,,,,,,,,0,0,,,,,,300,,,,,,,,,0
"483557965",2.5,,"AZ923","9-23","WsTk15-215","2-1-5-30","09/09/03 08:57:15",,,,,,,,,,,,,,"[4D{GZ*VH8o(&BJ6%^^",,,";9G-2(^F/rtwG)-0Gos{/1H, )u*(+X&i<R^E554<:2rtaVB*8To(B30+-F;Cq<3S@F)M(1X]1UDfV79Gsn%A1MsWW6X5FS*A4#E&3*V0JOP&D}er}]QIrnck[uWs!@-:9qEz%Lki[exOsduE",0.27039999,0.47,0.19960001,,,,,,,,,,,,,,,,,"REM",1,"2-1-5-30",0.94,0.63934422,0.38999999,0.22094984,0.36659998,1659.2001,2025.8,19.873098,2.72,1,0,1,0,0,0,1,1,1,0,0,0,1,0,0,0,0,0,0,0,0,0,0,0,0,0,0,0,0,0,";V1.@^)S@V.^Z+",";8E/ 7G",,"55^n%1&R9A<p",,,,"Road/Highway Embankment",,,,,,,,0.76219511,,3.2621951,,,,,,,,,0,0,,,,,,300,,,,,,,,,0
"483978430",2.5,,"AZ923","9-23","AR2042-152","1-5-2-15","07/29/03 16:37:55",,,,,,,,,,,,,,"(-6*&%1G/",,,"tJC8%14T/so# ^G.%FS$B&VV80Y+)G.7U} 3L0:F+*2so%&0C+.FbKD^@TL..d>T0-C#!18J3&sIvV27sRk1Z>/Stq<3QLi[R71X7.@,SZtG9I!esc0CW\sQOrgqE}Z4 )dR/zPsUpvmtE}ji",0.1913,0.32499999,0.13369998,,,,,,,,,,,,,,,,,"U",1,"1-5-2-15",0.83999997,0.58730161,0.37,0.18137255,0.31079999,1713.6,2024.4,19.859364,2.72,1,0,1,0,0,0,1,1,1,0,0,0,1,0,0,0,0,0,0,0,0,0,0,0,0,0,0,0,0,0,".K4<X38T^C2C+5","$B9+@E+0-",,"& /9Rf-cjiUt",,,,"Road/Highway Embankment",,,,,,,,0.38109756,,0.60975611,,,,,,,,,0,0,,,,,,300,,,,,,,,,0
"484933058",2.5,,"AZ923","9-23","CO7035-741","7-4-1-19","08/13/03 17:14:28",,,,,,,,,,,,,,"l>LScB$X",,,"kA8<^!1q<Afh0@F)GOP>@,R4J#s,*NC8s;V1Z@;(5V)Afk58N%TO<M+[8Dt]DI,SJ.T+-N/.**Su%/!XLifVV1CPODvSLtG6N53T8X(*T0HF<u4EA;!KY}tcgleDF(1D{XIT*#o\yd\sHWuvn",0,0,0,,,,,,,,,,,,,,,,,"REM",1,"7-4-1-19",0.41,0.42857146,0.30000001,0.066058002,0.123,1862,1985,19.472851,2.6600001,1,0,1,0,0,0,1,1,1,0,0,0,1,0,0,0,0,0,0,0,0,0,0,0,0,0,0,0,0,0,",F$N+H>O<-^:VN",":+-[&%1G^",,"@{2#sk,gquOm",,,,"Road/Highway Embankment",,,,,,,,0.48272255,,9.1463413,,,,,,,,,0,0,,,,,,300,,,,,,,,,0
"487267229",2.5,,"AZ923","9-23","NC0205-512","5-1-2-16","08/15/03 13:54:29",,,,,,,,,,,,,,"%8 J4.-MX",,,"dT(5 V s#PUs$4C9#sI}11K006s>;$$9q!3B93*H^C PUf>J27-s,VF0 AR&DOc -5A/*M@F:6dR&5+-DF[8S[AIEe6GERW6X),49C+#E iY2R3OPl>7eblE}jies$X2^XOHlguxte{oii{sv",0.39700001,0.48899999,0.091999978,,,,,,,,,,,,,,,,,"U",1,"5-1-2-16",0.85000002,1,0.5,0.3125,0.42500001,1360,1785,17.510851,2.72,1,0,1,0,0,0,1,1,1,0,0,0,0,0,0,0,0,0,0,0,0,0,0,0,0,0,0,0,0,0,"(9V)X9,P[!$01C","t0.*Fsx5G(&A/.$",,"k(56G}3aaz[f",,,,"Road/Highway Embankment",,,,,,,,0.4064939,,12.195122,,,,,,,,,0,0,,,,,,300,,,,,,,,,0
"493713484",2.5,,"AZ923","9-23","WY2019-732","7-3-2-19.5","09/08/03 13:04:14",,,,,,,,,,,,,,"(&BR(8^!",,,":C%>+5ME]fL]/0 C8PUn;3T7-GIz0G7XR@T/5!%V2(%fL,%Y)0XP[4)84HG09T/TB10-X6> &-uqx*1%iY;^E/NUKF/KSGs@2G1GX+/1X)FS q#Afa.VdexahhQFe)0/26Te/{ser]fUFPm{y",0,0,0,,,,,,,,,,,,,,,,,"REM",1,"7-3-2-19.5",0.82999998,0.44927537,0.31,0.14018743,0.25729999,1835.4,2092.7,20.529387,2.6600001,1,0,1,0,0,0,1,1,1,0,1,0,1,0,0,0,0,0,0,0,0,0,0,0,0,0,0,0,0,0,"4N%0X16s\+G.@%",",C%Y[/M9",,"<@&[Fm\kcp,g",,,,"Road/Highway Embankment",,,,,,,,0.49542683,,17.682926,,,,,,,,,0,0,,,,,,300,,,,,,,,,0
"499612331",2.5,,"AZ923","9-23","WY2019-731","7-3-1-30","09/08/03 13:01:13",,,,,,,,,,,,,,"b7Y4#&H/3",,,":B-9H.GR:sOa$:1V.Afx8$I%T8P[!$01txT+1VN01)(sOd>5891A/2N#19s+0Ux G8J;X.%S6Josc-2.HFa5T&4fYi[RVsO$C(,S10:1N5es/s@Wsn,7Slvtt>PiY.+Y(7UDl:rnE]dyeck[u",0.178,0.405,0.227,,,,,,,,,,,,,,,,,"U",1,"7-3-1-30",0.88999999,0.53846157,0.35000002,0.17815271,0.31150001,1748.5,2060,20.208599,2.6900001,1,0,1,0,0,0,1,1,1,0,1,0,1,0,0,0,0,0,0,0,0,0,0,0,0,0,0,0,0,0,"\ !8C5%A/%0&M.","7*0N]-C(",,"#/$;fp@fw,d{",,,,"Road/Highway Embankment",,,,,,,,0.76219511,,17.682926,,,,,,,,,0,0,,,,,,300,,,,,,,,,0
"500276247",2.5,,"AZ923","9-23","AZ0113-231","2-3-1-5.5","07/24/03 15:55:18",,,,,,,,,,,,,,"} ^ 9DzB:sm-XX",,,"gJG6H^6s#HFg13.^HLi\X^U+M7Dj0C9;s%23E8N.*C HFj7S(@EL!1S%0CP))F/KM[T6(11G JRW&5[:Su>&2B7iRd>TZPUx G8J;X.%SJos#W3OHy;SqwizybodR 5X*#Fe&>G\qqvxocwfv",0,0,0,,,,,,,,,,,,,,,,,"REM",1,"2-3-1-5.5",0.40000001,0.2345679,0.19,0.034118969,0.075999998,2227.5,2303.5,22.597336,2.75,1,0,1,0,0,0,1,1,1,0,1,0,1,0,0,0,0,0,0,0,0,0,0,0,0,0,0,0,0,0,"+A&^Z/@ixN C59","}11K 006",,"\(9/ss w[luO",,,,"Road/Highway Embankment",,,,,,,,0.13973476,,15.853659,,,,,,,,,0,0,,,,,,300,,,,,,,,,0
"505164411",2.5,,"AZ923","9-23","AL0101-132","1-3-2-23","07/24/03 15:03:49",,,,,,,,,,,,,,",^LJ.4G6-",,,"j4H#V$FR6OPc^]N2BGs<)3U T W(.%:^u51#Q&8-V)BOPz:/04JG(Z780Ms%4s#.*!HC/&B8;CYdcX(6UDt3L4+sPT/THsR:T0> ^9B&3SLi!d@sOb)8FvmkI[wTe 8Y$-sOmqSlbsy\Lgr,u",0.32539999,0.45500001,0.12960002,,,,,,,,,,,,,,,,,"U",1,"1-3-2-23",0.86000001,0.66666663,0.39999998,0.20697953,0.34399998,1662,2006,19.67886,2.77,1,0,1,0,0,0,1,1,1,0,0,0,1,0,0,0,0,0,0,0,0,0,0,0,0,0,0,0,0,0,";T/6.*{F^2B<X8","#8F1,GN3",,"+$9#W[/liirc",,,,"Road/Highway Embankment",,,,,,,,0.58432925,,7.7743902,,,,,,,,,0,0,,,,,,300,,,,,,,,,0
"505511177",2.5,,"AZ923","9-23","WsTk15-214","2-1-4-8","09/08/03 16:38:00",,,,,,,,,,,,,,"x@$S3Hx#NIfNF8",,,"j4H#V$FR6OPc^]N2BGs<)3U T W(.%:^u51#Q&8-V)BOPz:/04JG(Z780Ms%4s#.*!HC/&B8;CYdcX(6UDt3L4+sPT/THsR:T0> ^9B&3SLi!d@sOb)8FvmkI[wTe 8Y$-sOmqSlbsy\Lgr,u",0,0,0,,,,,,,,,,,,,,,,,"REM",1,"2-1-4-8",0.66000003,0.35135132,0.25999999,0.084018797,0.1716,2042.4,2214,21.719339,2.76,1,0,1,0,0,0,1,1,1,0,0,0,1,0,0,0,0,0,0,0,0,0,0,0,0,0,0,0,0,0,".K4<X38T^C2C+5","jXZ{38^",,"[Z+%*F:BLOmw",,,,"Road/Highway Embankment",,,,,,,,0.20323171,,3.2621951,,,,,,,,,0,0,,,,,,300,,,,,,,,,0
"505579047",2.5,,"AZ923","9-23","WsTk15-216","2-1-6-18","09/09/03 09:03:25",,,,,,,,,,,,,,"&@<Z8",,,":B-9H.GR:sOa$:1V.Afx8$I%T8P[!$01txT+1VN01)(sOd>5891A/2N#19s+0Ux G8J;X.%S6Josc-2.HFa5T&4fYi[RVsO$C(,S10:1N5es/s@Wsn,7Slvtt>PiY.+Y(7UDl:rnE]dyeck[u",0.2499,0.43599999,0.18609999,,,,,,,,,,,,,,,,,"REM",1,"2-1-6-18",0.97000003,0.63934422,0.38999999,0.23140444,0.37829998,1634.8,2013.1,19.74851,2.6800001,1,0,1,0,0,0,1,1,1,0,0,0,1,0,0,0,0,0,0,0,0,0,0,0,0,0,0,0,0,0,"^.,$9G^EcX(4)H","];E74.N",,">VF$N  NLOuW",,,,"Road/Highway Embankment",,,,,,,,0.45731708,,3.2621951,,,,,,,,,0,0,,,,,,300,,,,,,,,,0
"506803671",2.5,,"AZ923","9-23","WY2019-734","7-3-4-30","09/08/03 13:24:10",,,,,,,,,,,,,,"z9RB N 7X",,,";9G-2(^F/rtwG)-0Gos{/1H, )u*(+X&i<R^E554<:2rtaVB*8To(B30+-F;Cq<3S@F)M(1X]1UDfV79Gsn%A1MsWW6X5FS*A4#E&3*V0JOP&D}er}]QIrnck[uWs!@-:9qEz%Lki[exOsduE",0.178,0.405,0.227,,,,,,,,,,,,,,,,,"U",1,"7-3-4-30",0.95999998,0.58730161,0.37,0.20959462,0.35519999,1694.7,2049.8999,20.109518,2.6900001,1,0,1,0,0,0,1,1,1,0,0,0,1,0,0,0,0,0,0,0,0,0,0,0,0,0,0,0,0,0,",F$N+H>O<-^:VN","&B%1+1X)",,"! #%sa+Wprc\",,,,"Road/Highway Embankment",,,,,,,,0.76219511,,17.682926,,,,,,,,,0,0,,,,,,300,,,,,,,,,0
"514723883",2.5,,"AZ923","9-23","WsTk12-212","2-1-2-30","09/08/03 16:26:40",,,,,,,,,,,,,,"j@R;01N+H;O<+5*1CN;",,,"yA4^M12s>Wsz%])8MEA ^6B10GO<-^:Vr--1M(1F.C*Ws}</$6AEcU..#YR02P!6*3K0;N+25Gso&+^COHt!J22AhL&9WRs#M9< V12[T2Te9o3RW<+4FijbqwxLi{M225PUnqebkP\aTm}nv",0.2577,0.373,0.1153,,,,,,,,,,,,,,,,,"REM",1,"2-1-2-30",0.76999998,0.66666663,0.39999998,0.18666665,0.30799997,1650,1958,19.207979,2.75,1,0,1,0,0,0,1,1,1,0,1,0,1,0,0,0,0,0,0,0,0,0,0,0,0,0,0,0,0,0,"^.,$9G^EcX(4)H","v@6^)BM",,")C6}M(@J4dd]",,,,"Road/Highway Embankment",,,,,,,,0.76219511,,3.2926829,,,,,,,,,0,0,,,,,,300,,,,,,,,,0
"518605761",2.5,,"AZ923","9-23","CA3042-832","8-3-2-14","07/30/03 12:04:01",,,,,,,,,,,,,,"j@R;01N+H;O<+5*1CN;",,,":C3+*,Nr(Gsx-4G7GRW/6>4;HMEcX(4)d;T/G.@%323Gs\^JC TR{W1,[5u97A78C$R+X6-C}(Fe@0{CIT[1H19WfOc 3uq<3S@F)M(1X1UD{e6tG<(Be\gcwfvOHn^F3/Afx]Y}y]fdUUO\k",0.22,0.273,0.053000003,,,,,,,,,,,,,,,,,"U",1,"8-3-2-14",0.89999998,0.58730161,0.37,0.19013362,0.333,1751.3999,2084.3999,20.447964,2.78,1,0,1,0,0,0,1,1,1,0,1,0,1,0,0,0,0,0,0,0,0,0,0,0,0,0,0,0,0,0,"%23C8H.R{C8;!(","s08V5>06M(^",,"z.#9Ol[epobx",,,,"Road/Highway Embankment",,,,,,,,0.35567072,,2.8963416,,,,,,,,,0,0,,,,,,300,,,,,,,,,0
"522133562",2.5,,"AZ923","9-23","NE0114-542","5-4-2-19","08/14/03 16:23:32",,,,,,,,,,,,,,"(/0G6N2H+",,,"m $9X4#s@Te#22 +GOHl%5W^3HL!&F)XO&C<6V0C[C-Te%6A)&TOk5 692AV-i[R71X7.@,SxZtG&6#0so:^C1CHDS*ABAf{F6V0X55(6*er6G3IT]0JseecgiESu//81&iY-msfsgPQelbpv",0.237,0.53200001,0.29500002,,,,,,,,,,,,,,,,,"U",1,"5-4-2-19",0.95999998,0.72413784,0.41999996,0.24827583,0.40319997,1624,2027.2,19.886831,2.8,1,0,1,0,0,0,1,1,1,0,0,0,0,0,0,0,0,0,0,0,0,0,0,0,0,0,0,0,0,0,",F$N+H>O<-^:VN","v@.%^1Z9+",,">]79o}.df,lI",,,,"Road/Highway Embankment",,,,,,,,0.48272255,,4.1463413,,,,,,,,,0,0,,,,,,300,,,,,,,,,0
"530862331",2.5,,"AZ923","9-23","NC0205-511","5-1-1-16","08/15/03 13:11:54",,,,,,,,,,,,,,"+&R0]57*!",,,"b-$@B2.A7LikF$G.3UDl18Y]T4T^C2C+W4X>6^3Z&^NLimB9C+MUl5F47+s(6e6GJ^VX5!,4^NqEnZ;4Ydh1Z-VDDe+J.sI,SJ.T+-N/.*Su8E:fLx#UR\ssduEer*;Y)(es@#RqcjOQShzdp",0.39700001,0.48899999,0.091999978,,,,,,,,,,,,,,,,,"U",1,"5-1-1-16",0.82999998,1.0408163,0.50999999,0.31760204,0.4233,1332.8,1756.1001,17.227343,2.72,1,0,1,0,0,0,1,1,1,0,0,0,0,0,0,0,0,0,0,0,0,0,0,0,0,0,0,0,0,0,"4N%0X16s\+G.@%","b$1CCsh.6N+-,41",,"+!]{Sm&vde>p",,,,"Road/Highway Embankment",,,,,,,,0.40640244,,12.195122,,,,,,,,,0,0,,,,,,300,,,,,,,,,0
"537590397",2.5,,"AZ923","9-23","WA7322-813","8-1-3-20","09/08/03 12:49:22",,,,,,,,,,,,,,"hVX551G1X",,,"m $9X4#s@Te#22 +GOHl%5W^3HL!&F)XO&C<6V0C[C-Te%6A)&TOk5 692AV-i[R71X7.@,SxZtG&6#0so:^C1CHDS*ABAf{F6V0X55(6*er6G3IT]0JseecgiESu//81&iY-msfsgPQelbpv",0.19599999,0.33500001,0.13900001,,,,,,,,,,,,,,,,,"U",1,"8-1-3-20",0.94,0.61290324,0.38,0.21103628,0.3572,1692.6,2049.8,20.108538,2.73,1,0,1,0,0,0,1,1,1,0,0,0,1,0,0,0,0,0,0,0,0,0,0,0,0,0,0,0,0,0,"xT+*VH5o()6C5^","]0-S^>T06)6",,">]79oc.we}jo",,,,"Road/Highway Embankment",,,,,,,,0.50792682,,7.6219511,,,,,,,,,0,0,,,,,,300,,,,,,,,,0
"541188981",2.5,,"AZ923","9-23","AZ0215-413","4-1-3-18","07/25/03 11:12:18",,,,,,,,,,,,,,"(-Z9}@$M1",,,":B-9H.GR:sOa$:1V.Afx8$I%T8P[!$01txT+1VN01)(sOd>5891A/2N#19s+0Ux G8J;X.%S6Josc-2.HFa5T&4fYi[RVsO$C(,S10:1N5es/s@Wsn,7Slvtt>PiY.+Y(7UDl:rnE]dyeck[u",0.1582,0.20990001,0.051700011,,,,,,,,,,,,,,,,,"U",1,"4-1-3-18",0.67000002,0.31578946,0.23999999,0.078073412,0.1608,2059.6001,2220.4001,21.782125,2.71,1,0,1,0,0,0,1,1,1,0,0,0,1,0,0,0,0,0,0,0,0,0,0,0,0,0,0,0,0,0,">E@4)D:R(.3-#%","/.%R60GG",,"::[{ezzmp]ku",,,,"Road/Highway Embankment",,,,,,,,0.45731708,,26.219513,,,,,,,,,0,0,,,,,,300,,,,,,,,,0
"541404406",2.5,,"AZ923","9-23","NV0204-821","8-2-1-19","08/14/03 16:59:41",,,,,,,,,,,,,,"[:.LxCC;",,,"[DB,H+-e6osm628;$Su(+#O!F/d\C86.DzS8S;N8%0Bosb)A., S@R8@V7i#JR6X1(6!V04-8JIT#X-CRW:/5,5usE]E9iY50J/M.#;3KMGs*T5so<%XsfUWuvnEA6&G@MRs:\UPWzblGcfal",0.186,0.21699999,0.030999988,,,,,,,,,,,,,,,,,"REM",1,"8-2-1-19",0.46000001,0.33333334,0.25,0.057001241,0.115,2017.5,2132.5,20.919825,2.6900001,1,0,1,0,0,0,1,1,1,0,0,0,1,0,0,0,0,0,0,0,0,0,0,0,0,0,0,0,0,0,")T^+X9+Hj$1V//","tXM5-MG",,"+$9#W}/jiprk",,,,"Road/Highway Embankment",,,,,,,,0.48272255,,18.902439,,,,,,,,,0,0,,,,,,300,,,,,,,,,0
"548313935",2.5,,"AZ923","9-23","MT7066-713","7-1-3-38","08/14/03 15:22:36",,,,,,,,,,,,,,"><.-^3M5*",,,"dT(5 V s#PUs$4C9#sI}11K006s>;$$9q!3B93*H^C PUf>J27-s,VF0 AR&DOc -5A/*M@F:6dR&5+-DF[8S[AIEe6GERW6X),49C+#E iY2R3OPl>7eblE}jies$X2^XOHlguxte{oii{sv",0,0,0,,,,,,,,,,,,,,,,,"U",1,"7-1-3-38",0.63,0.66666663,0.39999998,0.14999999,0.25199997,1680,1932,18.952921,2.8,1,0,1,0,0,0,1,1,1,0,0,0,0,0,0,0,0,0,0,0,0,0,0,0,0,0,0,0,0,0,">E@4)D:R(.3-#%","hV84:/R ",,"c%!2R}>kdhQE",,,,"Road/Highway Embankment",,,,,,,,0.9654268,,21.341463,,,,,,,,,0,0,,,,,,300,,,,,,,,,0
"549106279",2.5,,"AZ923","9-23","WsTk12-211","2-1-1-7","09/08/03 16:04:11",,,,,,,,,,,,,,"x@$S3Hx#NIfNF8",,,">2+C/6/d>sO\7,$0CtG/.%R0GGR{C8;!S+A&2Z^1$N*sO{+ :8KthW0$8Ao05W6X),49C+#E! iY*+2.PUe,A8HGfI,SEos>VJ/.!^321.fL-Y9Rsn/ZDInlbpvIT(XZ2+Ws:aFih}wifplqc",0,0,0,,,,,,,,,,,,,,,,,"REM",1,"2-1-1-7",0.68000001,0.29870132,0.23,0.07386069,0.15640001,2117.5,2273.8999,22.306957,2.75,1,0,1,0,0,0,1,1,1,0,1,0,1,0,0,0,0,0,0,0,0,0,0,0,0,0,0,0,0,0,";V1.@^)S@V.^Z+","zXV+6H8",,"4&1{X <WBPji",,,,"Road/Highway Embankment",,,,,,,,0.17784543,,3.2926829,,,,,,,,,0,0,,,,,,300,,,,,,,,,0
"550102180",2.5,,"AZ923","9-23","CO7035-743","7-4-3-48","08/13/03 17:55:07",,,,,,,,,,,,,,"(/0G6N2H+",,,"[DB,H+-e6osm628;$Su(+#O!F/d\C86.DzS8S;N8%0Bosb)A., S@R8@V7i#JR6X1(6!V04-8JIT#X-CRW:/5,5usE]E9iY50J/M.#;3KMGs*T5so<%XsfUWuvnEA6&G@MRs:\UPWzblGcfal",0.176,0.35699999,0.18099999,,,,,,,,,,,,,,,,,"U",1,"7-4-3-48",0.91000003,0.58730161,0.37,0.19505273,0.33670002,1726.2,2062.8999,20.237047,2.74,1,0,1,0,0,0,1,1,1,0,1,0,1,0,0,0,0,0,0,0,0,0,0,0,0,0,0,0,0,0,"^.,$9G^EcX(4)H","dV7.:*F60",,"\(9/ss qxkPW",,,,"Road/Highway Embankment",,,,,,,,1.2195122,,9.1463413,,,,,,,,,0,0,,,,,,300,,,,,,,,,0
"552423053",2.5,,"AZ923","9-23","AR2042-152","1-5-2-13.5","07/25/03 13:11:10",,,,,,,,,,,,,,";0B-VB-1sc8G.-sOs;)D",,,"b-$@B2.A7LikF$G.3UDl18Y]T4T^C2C+W4X>6^3Z&^NLimB9C+MUl5F47+s(6e6GJ^VX5!,4^NqEnZ;4Ydh1Z-VDDe+J.sI,SJ.T+-N/.*Su8E:fLx#UR\ssduEer*;Y)(es@#RqcjOQShzdp",,,,,,,,,,,,,,,,,,,,,0,"1-5-2-13.5",,,,,,,,,,0,0,0,0,0,0,0,0,1,0,0,0,0,0,0,0,0,0,0,0,0,0,0,0,0,0,0,0,0,0,"$6,01NxG( -0X0","{/L8).%)V",,"+!(&Do}mxxQ]",,,,"Road/Highway Embankment",,,,,,,,0.34298781,,0.60975611,,,,,,,,,0,0,,,,,,300,,,,,,,,,0
"553215397",2.5,,"AZ923","9-23","VT1681-622","6-2-2-17","09/04/03 12:57:32",,,,,,,,,,,,,,"vN8.>5*1BEsH+3",,,"vV^>M8BG6IT:G-G)6sOm;!L91+fv4/N+s^M(7!1N4<BIT!VMC%Vs>7);6SE@KL&9K^T57 < zGrtdX)*esx1V*AOJF}HTEA78C$R+X6-C(Fe5t\sIf8Qo\tr}kWFS^C0!ZLi\$R\aksIFmvxR",0,0,0,,,,,,,,,,,,,,,,,"U",1,"6-2-2-17",0.43000001,0.21951221,0.18000001,0.034702297,0.077400006,2230.3999,2307.7998,22.639517,2.72,1,0,1,0,0,0,1,1,1,0,0,0,1,0,0,0,0,0,0,0,0,0,0,0,0,0,0,0,0,0,"^.,$9G^EcX(4)H","m@;7^6A(",,">]79oc.sgvfu",,,,"Road/Highway Embankment",,,,,,,,0.43190855,,3.0487804,,,,,,,,,0,0,,,,,,300,,,,,,,,,0
"555005126",2.5,,"AZ923","9-23","MnRd4-65S","6-5-S-12","09/08/03 16:01:14",,,,,,,,,,,,,,"(^7XOk($7.S/",,,"fY V9-7Dver>#24*Nso/(*U+.$S@V.^ZL(9VVX69(!<er:,A $Ss;W4&0CH[/u 1.B83)X^T[0PUh!42tG:+13AofR:TZHF}HH&3Z&8$R7sO(U]Fe{75sdym}nvRW 5 ]^uq]jfugw}tsahhQ",0.18000001,0.32300001,0.14300001,,,,,,,,,,,,,,,,,"REM",1,"6-5-S-12",0.92000002,0.66666663,0.39999998,0.22716048,0.368,1620.0001,1988.0001,19.502281,2.7,1,0,1,0,0,0,1,1,1,0,1,0,0,0,0,0,0,0,0,0,0,0,0,0,0,0,0,0,0,0,"386&M6<s>67!!X","v< Sx1C]C4",,"zCc[zNXtQ",,,,"Road/Highway Embankment",,,,,,,,0.30487806,,1.6158537,,,,,,,,,0,0,,,,,,300,,,,,,,,,0
"558020909",2.5,,"AZ923","9-23","AL0101-132","1-3-2-15","07/23/03 16:50:22",,,,,,,,,,,,,,"xB1J[638#",,,"sZ/B618P!DF:C5#C4Te/41N&T8Hj$1V/A3860M(F/6/DF!3H<0NT^WC0%0s+*F}HH&3Z&8$R>7sO[.,:er{[E+3efo60CsOc -5A/*M@F6dR9O)UDy8YtUxqe\vos[-Y(@FS$!Eyzrkudy}ka",0.3258,0.51950002,0.19370002,,,,,,,,,,,,,,,,,"U",1,"1-3-2-15",0.88999999,0.69491524,0.41,0.22408499,0.36489999,1628.4,1993.3,19.554274,2.76,1,0,1,0,0,0,1,1,1,0,0,0,1,0,0,0,0,0,0,0,0,0,0,0,0,0,0,0,0,0,"+A&^Z/@ixN C59",":-$8^1L.",,"k(56G[3ka}[b",,,,"Road/Highway Embankment",,,,,,,,0.38109756,,7.7743902,,,,,,,,,0,0,,,,,,300,,,,,,,,,0
"559164418",2.5,,"AZ923","9-23","WY2020-721","7-2-1-20","09/08/03 14:40:21",,,,,,,,,,,,,,",^LJ.4G6-",,,"vV^>M8BG6IT:G-G)6sOm;!L91+fv4/N+s^M(7!1N4<BIT!VMC%Vs>7);6SE@KL&9K^T57 < zGrtdX)*esx1V*AOJF}HTEA78C$R+X6-C(Fe5t\sIf8Qo\tr}kWFS^C0!ZLi\$R\aksIFmvxR",0.17,0.36700001,0.19700001,,,,,,,,,,,,,,,,,"U",1,"7-2-1-20",0.86000001,0.47058821,0.31999999,0.1410125,0.27519998,1951.6,2226.8,21.844908,2.8699999,1,0,1,0,0,0,1,1,1,0,0,0,1,0,0,0,0,0,0,0,0,0,0,0,0,0,0,0,0,0,"&C<:VXzthC4*VF","4$.3<V0J",,"kz 8Eo$xrbw,",,,,"Road/Highway Embankment",,,,,,,,0.50810975,,76.219513,,,,,,,,,0,0,,,,,,300,,,,,,,,,0
"560393439",2.5,,"AZ923","9-23","NE0114-54S","5-4-S-12","08/14/03 16:46:02",,,,,,,,,,,,,,"cB/3Y+: Y(N.",,,":MG&718HvSu!.!H%0Yd{N/D)6$e%9#C6T.T.E+/F/;<Su#*4X!FY+BK+/VD[Zr(-J+2VX410/8sOg!:8qEdB968dWs#MXDF/KM[T6(11GJRW9O{FSz9NA{ogr,usO@..]Vrtk#Irm]jxRr}kW",0.23199999,0.46200001,0.23000002,,,,,,,,,,,,,,,,,"REM",1,"5-4-S-12",0.88999999,0.66666663,0.39999998,0.21419975,0.35599998,1662,2018,19.796579,2.77,1,0,1,0,0,0,1,1,1,0,1,0,0,0,0,0,0,0,0,0,0,0,0,0,0,0,0,0,0,0,"4X--#^}e%9#C6 ","}CV&@H+M/",,"k(56G}3ka},h",,,,"Road/Highway Embankment",,,,,,,,0.30487806,,4.1463413,,,,,,,,,0,0,,,,,,300,,,,,,,,,0
"562196466",2.5,,"AZ923","9-23","WsTk12-211","2-1-1-39","09/08/03 16:17:22",,,,,,,,,,,,,,"j@DH$++J&",,,"aGM*-B(i[dR#8+7!$er^:1F$SGo()6C5Hz45T/&D@4^dR%-N-> e%L*0(3e0Vs>VJ/.!^321#.fL<)0)sOv(7,JreG6N1es^T7*T5@;!HHEA0L/Ydg0FPsIWczjGs;(K28sR[#OOWtlvEo]ef",0.22409999,0.37,0.14590001,,,,,,,,,,,,,,,,,"U",1,"2-1-1-39",0.75999999,0.53846157,0.35000002,0.14881119,0.266,1787.5,2053.5,20.144835,2.75,1,0,1,0,0,0,1,1,1,0,0,0,0,0,0,0,0,0,0,0,0,0,0,0,0,0,0,0,0,0,")T^+X9+Hj$1V//","c.7z$MC",,">VF$N  NLOup",,,,"Road/Highway Embankment",,,,,,,,0.99085367,,3.2926829,,,,,,,,,0,0,,,,,,300,,,,,,,,,0
"564203050",2.5,,"AZ923","9-23","CO1053-753","7-5-3-50","08/13/03 16:10:00",,,,,,,,,,,,,,"><.-^3M5*",,,"m $9X4#s@Te#22 +GOHl%5W^3HL!&F)XO&C<6V0C[C-Te%6A)&TOk5 692AV-i[R71X7.@,SxZtG&6#0so:^C1CHDS*ABAf{F6V0X55(6*er6G3IT]0JseecgiESu//81&iY-msfsgPQelbpv",0.248,0.47600001,0.22800002,,,,,,,,,,,,,,,,,"U",1,"7-5-3-50",0.93000001,0.72413784,0.41999996,0.23966129,0.39059997,1629.8,2020.4,19.820124,2.8099999,1,0,1,0,0,0,1,1,1,0,0,0,0,0,0,0,0,0,0,0,0,0,0,0,0,0,0,0,0,0,",F$N+H>O<-^:VN",":+N)}@$M4",,"%m9*T\7\b[ya",,,,"Road/Highway Embankment",,,,,,,,1.2703253,,2.3780489,,,,,,,,,0,0,,,,,,300,,,,,,,,,0
"565833409",2.5,,"AZ923","9-23","AR2042-153","1-5-3-24","07/29/03 16:54:38",,,,,,,,,,,,,,"cC3C:*F6X",,,"[A2V6*GOcFS[M%+X(iY-(1H/C^F^2B<XI:S1HX(51.:FS>02^V8ixQ40+NU>&e+J&1N(VN.T-7Ws]@]$uqj#Q@ZYgR6XGUDvSZ4-X6)3TBsR%s*HFq6EEy\plqcRs!7B,!er^wsduz\gsya[q",0.18880001,0.27500001,0.086199999,,,,,,,,,,,,,,,,,"U",1,"1-5-3-24",0.89999998,0.53846157,0.35000002,0.17948718,0.315,1755,2070,20.3067,2.7,1,0,1,0,0,0,1,1,1,0,0,0,1,0,0,0,0,0,0,0,0,0,0,0,0,0,0,0,0,0,"%23C8H.R{C8;!(","/4L /VF8^",,"<b{<u{^te>in",,,,"Road/Highway Embankment",,,,,,,,0.60975611,,0.60975611,,,,,,,,,0,0,,,,,,300,,,,,,,,,0
"569887955",2.5,,"AZ923","9-23","NV0204-821","8-2-1-12","08/14/03 16:54:40",,,,,,,,,,,,,,"d;NK8+cG.T]G0X",,,":C%>+5ME]fL]/0 C8PUn;3T7-GIz0G7XR@T/5!%V2(%fL,%Y)0XP[4)84HG09T/TB10-X6> &-uqx*1%iY;^E/NUKF/KSGs@2G1GX+/1X)FS q#Afa.VdexahhQFe)0/26Te/{ser]fUFPm{y",0.16599999,0.221,0.055000007,,,,,,,,,,,,,,,,,"REM",1,"8-2-1-12",0.68000001,0.17647059,0.15000001,0.043478262,0.10200001,2346,2448,24.014879,2.76,1,0,1,0,0,0,1,1,1,0,0,0,1,0,0,0,0,0,0,0,0,0,0,0,0,0,0,0,0,0,".K4<X38T^C2C+5","d30>F6G",,"] )]Fu*b{sw}",,,,"Road/Highway Embankment",,,,,,,,0.30487806,,18.902439,,,,,,,,,0,0,,,,,,300,,,,,,,,,0
"572185251",2.5,,"AZ923","9-23","TX4143-321","3-2-1-25","09/02/03 14:41:08",,,,,,,,,,,,,,"(6R7//G9@",,,"bN7:^3CtbsIlN22C Ws:!,06A.A/%0&MR4X-X#;X89>sIn9A700W(G([;Gq^ f{F6V0X55(6\*er!;2 Te:.E^0spHv4JqE]E 69M+N/M9DF7r.Gsm$Tsjxya[qHFz9L%*fL#kdecjgqDWczj",0.1934,0.375,0.1816,,,,,,,,,,,,,,,,,"U",1,"3-2-1-25",0.97000003,0.56250006,0.36000001,0.19913323,0.34920004,1753.6,2102.8,20.628468,2.74,1,0,1,0,0,0,1,1,1,0,0,0,1,0,0,0,0,0,0,0,0,0,0,0,0,0,0,0,0,0,"$6,01NxG( -0X0",";(.TG0",,"} )(UO{Ib\mI",,,,"Road/Highway Embankment",,,,,,,,0.63516158,,2.9268293,,,,,,,,,0,0,,,,,,300,,,,,,,,,0
"573477745",2.5,,"AZ923","9-23","TX1077-121","1-2-1-5","09/02/03 13:41:09",,,,,,,,,,,,,,"6<a",,,"fY V9-7Dver>#24*Nso/(*U+.$S@V.^ZL(9VVX69(!<er:,A $Ss;W4&0CH[/u 1.B83)X^T[0PUh!42tG:+13AofR:TZHF}HH&3Z&8$R7sO(U]Fe{75sdym}nvRW 5 ]^uq]jfugw}tsahhQ",0,0,0,,,,,,,,,,,,,,,,,,0,"1-2-1-5",,,,,,,,,,0,0,0,0,0,0,0,0,1,0,0,0,1,0,0,0,0,0,0,0,0,0,0,0,0,0,0,0,0,0,"%23C8H.R{C8;!(","(18A#F",,"+$9#Wz/fuopj",,,,"Road/Highway Embankment",,,,,,,,0.025405487,,3.3231707,,,,,,,,,0,0,,,,,,300,,,,,,,,,0
"576514191",2.5,,"AZ923","9-23","AZ0113-233","2-3-3-12","07/24/03 16:54:07",,,,,,,,,,,,,,"><.-^3M5*",,,"h0G-&,)u EA%( /N sO; <48KBG( -0Xo40*E5!%!81EA&#Z&10s>F2>[Jr7^s@2G1GX+/1X))FS:C%^fLz$W^AOoUx ArtbT2%SX8N^VJOH{S-qEsV0itzy}kaUDnVJ5;sI}:sjcaqxOQOrg",0,0,0,,,,,,,,,,,,,,,,,"U",1,"2-3-3-12",0.41999999,0.58730161,0.37,0.089696974,0.15539999,1732.5,1887.9,18.5203,2.75,1,0,1,0,0,0,1,1,1,0,0,0,1,0,0,0,0,0,0,0,0,0,0,0,0,0,0,0,0,0,"z45V/-$fv4/N+F",">@,Rx4J#",,"@{2#sk,fhyic",,,,"Road/Highway Embankment",,,,,,,,0.30487806,,15.853659,,,,,,,,,0,0,,,,,,300,,,,,,,,,0
"581452528",2.5,,"AZ923","9-23","CA3042-833","8-3-3-14","08/13/03 13:44:08",,,,,,,,,,,,,,"j@R;01N+H;O<+5*1CN;",,,"kA8<^!1q<Afh0@F)GOP>@,R4J#s,*NC8s;V1Z@;(5V)Afk58N%TO<M+[8Dt]DI,SJ.T+-N/.**Su%/!XLifVV1CPODvSLtG6N53T8X(*T0HF<u4EA;!KY}tcgleDF(1D{XIT*#o\yd\sHWuvn",0.22,0.273,0.053000003,,,,,,,,,,,,,,,,,"U",1,"8-3-3-14",0.86000001,0.61290324,0.38,0.18960316,0.32680002,1723.6,2050.3999,20.114424,2.78,1,0,1,0,0,0,1,1,1,0,0,0,1,0,0,0,0,0,0,0,0,0,0,0,0,0,0,0,0,0,"801.78]Dj0C9;F","n-J1V.0(V18",,"),;0Lb!o{szj",,,,"Road/Highway Embankment",,,,,,,,0.35569206,,2.8963416,,,,,,,,,0,0,,,,,,300,,,,,,,,,0
"587019390",2.5,,"AZ923","9-23","AL0101-133","1-3-3-23","07/24/03 15:36:23",,,,,,,,,,,,,,,,,"tJC8%14T/so# ^G.%FS$B&VV80Y+)G.7U} 3L0:F+*2so%&0C+.FbKD^@TL..d>T0-C#!18J3&sIvV27sRk1Z>/Stq<3QLi[R71X7.@,SZtG9I!esc0CW\sQOrgqE}Z4 )dR/zPsUpvmtE}ji",0.32539999,0.45500001,0.12960002,,,,,,,,,,,,,,,,,"U",1,"1-3-3-23",0.92000002,0.56250006,0.36000001,0.18682313,0.33120003,1772.7999,2104,20.64024,2.77,1,0,1,0,0,0,1,1,1,0,0,0,1,0,0,0,0,0,0,0,0,0,0,0,0,0,0,0,0,0,":S17X6 W(.%:^V","l51Y$.8H",,"kz 8Ew$<evq>",,,,"Road/Highway Embankment",,,,,,,,0.58435059,,7.7743902,,,,,,,,,0,0,,,,,,300,,,,,,,,,0
"590414418",2.5,,"AZ923","9-23","PA0603-641","6-4-1-17","08/15/03 14:33:35",,,,,,,,,,,,,,"<:GN^J7G4sg6F5",,,"kA8<^!1q<Afh0@F)GOP>@,R4J#s,*NC8s;V1Z@;(5V)Afk58N%TO<M+[8Dt]DI,SJ.T+-N/.**Su%/!XLifVV1CPODvSLtG6N53T8X(*T0HF<u4EA;!KY}tcgleDF(1D{XIT*#o\yd\sHWuvn",0,0,0,,,,,,,,,,,,,,,,,"REM",1,"6-4-1-17",0.38,0.26582277,0.20999999,0.035443038,0.079799995,2251.5,2331.3,22.870054,2.8499999,1,0,1,0,0,0,1,1,1,0,0,0,1,0,0,0,0,0,0,0,0,0,0,0,0,0,0,0,0,0,"} 320%cs,*NC8F","2+TX9/] 6NK4#",,"@{2#sd,khQoc",,,,"Road/Highway Embankment",,,,,,,,0.43190855,,6.0975609,,,,,,,,,0,0,,,,,,300,,,,,,,,,0
"592983192",2.5,,"AZ923","9-23","MnRd4-653","6-5-3-9","09/08/03 15:50:04",,,,,,,,,,,,,,"e[K7B6C6.ce(6R7/G9@",,,"t5105#HL&YdmG(3-^Fe&2[U(2Ns;C +XO\ !JC+/B%7YdbVC6)6F^AZ]0BT8Do6081X@!%5A$4Afm3@NRsb-X</ewtbTMTe6GJ^VX5!,4NqE;f<iY:%QOgqUO\ktG 694Xos{bsfQpijqtt>P",0.17299999,0.28600001,0.11300002,,,,,,,,,,,,,,,,,"REM",1,"6-5-3-9",0.88999999,0.44927537,0.31,0.14646706,0.27590001,1883.7,2159.5999,21.185675,2.73,1,0,1,0,0,0,1,1,1,0,0,0,1,0,0,0,0,0,0,0,0,0,0,0,0,0,0,0,0,0,"4N%0X16s\+G.@%","k3TG X.&C8",,">Jn044.ez",,,,"Road/Highway Embankment",,,,,,,,0.22865854,,1.6158537,,,,,,,,,0,0,,,,,,300,,,,,,,,,0
"592999405",2.5,,"AZ923","9-23","NY4018-633","6-3-3-10","08/15/03 09:38:50",,,,,,,,,,,,,,"@0V.@M(V)",,,"dT(5 V s#PUs$4C9#sI}11K006s>;$$9q!3B93*H^C PUf>J27-s,VF0 AR&DOc -5A/*M@F:6dR&5+-DF[8S[AIEe6GERW6X),49C+#E iY2R3OPl>7eblE}jies$X2^XOHlguxte{oii{sv",0,0,0,,,,,,,,,,,,,,,,,"U",1,"6-3-3-10",0.77999997,0.19047618,0.16,0.054223143,0.12479999,2301.6001,2426.4001,23.802986,2.74,1,0,1,0,0,0,1,1,1,0,0,0,1,0,0,0,0,0,0,0,0,0,0,0,0,0,0,0,0,0,"51#X&V!Y+)G.74","n#@ex*7:L",,"+[%9OP(Eov]w",,,,"Road/Highway Embankment",,,,,,,,0.25406402,,3.8414633,,,,,,,,,0,0,,,,,,300,,,,,,,,,0
"596860673",2.5,,"AZ923","9-23","WsTk15-215","2-1-5-18","09/08/03 16:52:20",,,,,,,,,,,,,,"#&!4T",,,"b-$@B2.A7LikF$G.3UDl18Y]T4T^C2C+W4X>6^3Z&^NLimB9C+MUl5F47+s(6e6GJ^VX5!,4^NqEnZ;4Ydh1Z-VDDe+J.sI,SJ.T+-N/.*Su8E:fLx#UR\ssduEer*;Y)(es@#RqcjOQShzdp",0.21789999,0.38600001,0.16810001,,,,,,,,,,,,,,,,,"REM",1,"2-1-5-18",0.83999997,0.69491524,0.41,0.21780924,0.34439999,1581.2001,1925.6001,18.890137,2.6800001,1,0,1,0,0,0,1,1,1,0,0,0,1,0,0,0,0,0,0,0,0,0,0,0,0,0,0,0,0,0,"z45V/-$fv4/N+F",";616NH2",,"*)H[N8,F1Dim",,,,"Road/Highway Embankment",,,,,,,,0.45731708,,3.2621951,,,,,,,,,0,0,,,,,,300,,,,,,,,,0
"609936078",2.5,,"AZ923","9-23","CA3042-83S","8-3-S-12","08/13/03 13:56:58",,,,,,,,,,,,,,"z3H8s\ 6Y(-!",,,"]H#V3%Ns^sRbG(%:)uq]&B1.9FR(.3-#F.K4.X. 3C5sRcVC;[4u*C6V!ZY15s#M9< V12[T42Te&82)Wsb>6!GqQA78DYd>T0-C#!18J&sI@e3osg&QOOQPm{yAf\330+sO;cDImxnWsqe\v",0.278,0.32699999,0.048999995,,,,,,,,,,,,,,,,,"U",1,"8-3-S-12",0.46000001,0.78571427,0.44,0.13142857,0.2024,1540,1742.4,17.092945,2.75,1,0,1,0,0,0,1,1,1,0,0,0,0,0,0,0,0,0,0,0,0,0,0,0,0,0,0,0,0,0," J[C6.4e(7G)-F",">.4B-!.*R^G",,"kz 8Ew$xyby[",,,,"Road/Highway Embankment",,,,,,,,0.30487806,,2.8963416,,,,,,,,,0,0,,,,,,300,,,,,,,,,0
"611675633",2.5,,"AZ923","9-23","CO1053-753","7-5-3-7.5","08/13/03 16:00:16",,,,,,,,,,,,,,"@++E#Z/X!R<89.Di",,,"]H#V3%Ns^sRbG(%:)uq]&B1.9FR(.3-#F.K4.X. 3C5sRcVC;[4u*C6V!ZY15s#M9< V12[T42Te&82)Wsb>6!GqQA78DYd>T0-C#!18J&sI@e3osg&QOOQPm{yAf\330+sO;cDImxnWsqe\v",0,0,0,,,,,,,,,,,,,,,,,"REM",1,"7-5-3-7.5",0.38999999,0.25,0.2,0.035977859,0.077999994,2168,2246,22.03326,2.71,1,0,1,0,0,0,1,1,1,0,0,0,1,0,0,0,0,0,0,0,0,0,0,0,0,0,0,0,0,0,"--1 (M7s;C +X3","t;G9$++J!",,"c%!2R[>fmhUO",,,,"Road/Highway Embankment",,,,,,,,0.19054878,,2.3780489,,,,,,,,,0,0,,,,,,300,,,,,,,,,0
"616131517",2.5,,"AZ923","9-23","WY2020-722","7-2-2-20.5","09/08/03 14:48:42",,,,,,,,,,,,,,"v52K>(G97",,,"]H#V3%Ns^sRbG(%:)uq]&B1.9FR(.3-#F.K4.X. 3C5sRcVC;[4u*C6V!ZY15s#M9< V12[T42Te&82)Wsb>6!GqQA78DYd>T0-C#!18J&sI@e3osg&QOOQPm{yAf\330+sO;cDImxnWsqe\v",0.17,0.36700001,0.19700001,,,,,,,,,,,,,,,,,"U",1,"7-2-2-20.5",0.87,0.49253738,0.33000004,0.14930576,0.28710002,1922.8998,2209.9998,21.680098,2.8699999,1,0,1,0,0,0,1,1,1,0,1,0,1,0,0,0,0,0,0,0,0,0,0,0,0,0,0,0,0,0,"(9V)X9,P[!$01C","/3]Y4+2G",,"+;@7sf6vaf]k",,,,"Road/Highway Embankment",,,,,,,,0.52083325,,76.219513,,,,,,,,,0,0,,,,,,300,,,,,,,,,0
"617142200",2.5,,"AZ923","9-23","WA7322-81S","8-1-S-12","09/08/03 12:54:05",,,,,,,,,,,,,,"(/2.Dj}NJ5+X",,,"[DB,H+-e6osm628;$Su(+#O!F/d\C86.DzS8S;N8%0Bosb)A., S@R8@V7i#JR6X1(6!V04-8JIT#X-CRW:/5,5usE]E9iY50J/M.#;3KMGs*T5so<%XsfUWuvnEA6&G@MRs:\UPWzblGcfal",0.205,0.49200001,0.287,,,,,,,,,,,,,,,,,"REM",1,"8-1-S-12",0.91000003,0.69491524,0.41,0.22584747,0.37310001,1652,2025.1,19.86623,2.8,1,0,1,0,0,0,1,1,1,0,1,0,0,0,0,0,0,0,0,0,0,0,0,0,0,0,0,0,0,0,"xT+*VH5o()6C5^","+#F0%7SJ700",,"^*}9Iu4cxk]a",,,,"Road/Highway Embankment",,,,,,,,0.30487806,,7.6219511,,,,,,,,,0,0,,,,,,300,,,,,,,,,0
"619945526",2.5,,"AZ923","9-23","MS1802-143","1-4-3-10.5","08/14/03 12:40:03",,,,,,,,,,,,,,"\!$47S^.&fa0-M",,,":B-9H.GR:sOa$:1V.Afx8$I%T8P[!$01txT+1VN01)(sOd>5891A/2N#19s+0Ux G8J;X.%S6Josc-2.HFa5T&4fYi[RVsO$C(,S10:1N5es/s@Wsn,7Slvtt>PiY.+Y(7UDl:rnE]dyeck[u",0,0,0,,,,,,,,,,,,,,,,,"REM",1,"1-4-3-10.5",0.73000002,0.35135132,0.25999999,0.096062347,0.18979999,1975.8,2165.6001,21.244537,2.6700001,1,0,1,0,0,0,1,1,1,0,0,0,1,0,0,0,0,0,0,0,0,0,0,0,0,0,0,0,0,0,":S17X6 W(.%:^V","g6-H^F>3-*,,",,"{}0:iw;}d\kk",,,,"Road/Highway Embankment",,,,,,,,0.26676831,,2.5914633,,,,,,,,,0,0,,,,,,300,,,,,,,,,0
"620109293",2.5,,"AZ923","9-23","AZ0113-232","2-3-2-12","07/24/03 16:18:30",,,,,,,,,,,,,,"%8 J4.-MX",,,">2+C/6/d>sO\7,$0CtG/.%R0GGR{C8;!S+A&2Z^1$N*sO{+ :8KthW0$8Ao05W6X),49C+#E! iY*+2.PUe,A8HGfI,SEos>VJ/.!^321.fL-Y9Rsn/ZDInlbpvIT(XZ2+Ws:aFih}wifplqc",0,0,0,,,,,,,,,,,,,,,,,"U",1,"2-3-2-12",0.38999999,0.44927537,0.31,0.063715413,0.1209,1897.5,2018.4,19.800505,2.75,1,0,1,0,0,0,1,1,1,0,0,0,1,0,0,0,0,0,0,0,0,0,0,0,0,0,0,0,0,0,"@T/;!+*u*(+X&1","kN+C58T2",,"x6:-Y,:r[lmd",,,,"Road/Highway Embankment",,,,,,,,0.30487806,,15.853659,,,,,,,,,0,0,,,,,,300,,,,,,,,,0
"620509147",2.5,,"AZ923","9-23","LA0118-312","3-1-2-24","08/14/03 10:37:07",,,,,,,,,,,,,,"^VFJ-(6H5",,,"sZ/B618P!DF:C5#C4Te/41N&T8Hj$1V/A3860M(F/6/DF!3H<0NT^WC0%0s+*F}HH&3Z&8$R>7sO[.,:er{[E+3efo60CsOc -5A/*M@F6dR9O)UDy8YtUxqe\vos[-Y(@FS$!Eyzrkudy}ka",0.19859999,0.259,0.060400009,,,,,,,,,,,,,,,,,"U",1,"3-1-2-24",0.85000002,0.47058821,0.31999999,0.14925373,0.27199998,1822.4,2094.3999,20.546062,2.6800001,1,0,1,0,0,0,1,1,1,0,0,0,0,0,0,0,0,0,0,0,0,0,0,0,0,0,0,0,0,0,"%23C8H.R{C8;!(","\8V. F^6T8",,"+$9#W]/jiiel",,,,"Road/Highway Embankment",,,,,,,,0.60975611,,3.75,,,,,,,,,0,0,,,,,,300,,,,,,,,,0
"625915209",2.5,,"AZ923","9-23","TN3101-522","5-2-2-26","08/25/03 16:12:53",,,,,,,,,,,,,,"^VFJ-(6H5",,,":C3+*,Nr(Gsx-4G7GRW/6>4;HMEcX(4)d;T/G.@%323Gs\^JC TR{W1,[5u97A78C$R+X6-C}(Fe@0{CIT[1H19WfOc 3uq<3S@F)M(1X1UD{e6tG<(Be\gcwfvOHn^F3/Afx]Y}y]fdUUO\k",0.34599999,0.76499999,0.419,,,,,,,,,,,,,,,,,"U",1,"5-2-2-26",1,0.96078438,0.49000001,0.34313729,0.49000001,1427.9999,1917.9999,18.815578,2.8,1,0,1,0,0,0,1,1,1,0,0,0,0,0,0,0,0,0,0,0,0,0,0,0,0,0,0,0,0,0,"<R^C52[Ul:N20$",">XX.*!(VC/",,"-\-!dr<xgmhy",,,,"Road/Highway Embankment",,,,,,,,0.66054881,,1.6768292,,,,,,,,,0,0,,,,,,300,,,,,,,,,0
"626855055",2.5,,"AZ923","9-23","NV0204-822","8-2-2-12","08/14/03 17:03:44",,,,,,,,,,,,,,"m1GGV9 6NOt$(9",,,"b-$@B2.A7LikF$G.3UDl18Y]T4T^C2C+W4X>6^3Z&^NLimB9C+MUl5F47+s(6e6GJ^VX5!,4^NqEnZ;4Ydh1Z-VDDe+J.sI,SJ.T+-N/.*Su8E:fLx#UR\ssduEer*;Y)(es@#RqcjOQShzdp",0.16599999,0.221,0.055000007,,,,,,,,,,,,,,,,,"REM",1,"8-2-2-12",0.81999999,0.17647059,0.15000001,0.052429669,0.123,2346,2469,24.22089,2.76,1,0,1,0,0,0,1,1,1,0,1,0,1,0,0,0,0,0,0,0,0,0,0,0,0,0,0,0,0,0,"$6,01NxG( -0X0","b(A.G1G",,"z.#9Oh[gup\n",,,,"Road/Highway Embankment",,,,,,,,0.30487806,,18.902439,,,,,,,,,0,0,,,,,,300,,,,,,,,,0
"627865738",2.5,,"AZ923","9-23","NE0114-541","5-4-1-9","08/14/03 15:29:20",,,,,,,,,,,,,,"]N VVC+%;SzM6*",,,"!70%D^GO$UDqN7B<GIT*N.U%VGOk:)8CE>E@D)X.1..UDs9D9]TIzYK 09W02Hv4N21*Z^69<KRs]7*!Fe]4.1BTqs^TVWs#.*!HC/&B8CYd#s*PUr[TrnWcfalso +125HFc[qwo,uhYxw[q",0,0,0,,,,,,,,,,,,,,,,,"REM",1,"5-4-1-9",0.34999999,0.19047618,0.16,0.024783146,0.055999998,2259.6001,2315.6001,22.716038,2.6900001,1,0,1,0,0,0,1,1,1,0,1,0,1,0,0,0,0,0,0,0,0,0,0,0,0,0,0,0,0,0,"} 320%cs,*NC8F","gM1N[891^",,"::[{evzzp,kt",,,,"Road/Highway Embankment",,,,,,,,0.22865854,,4.1463413,,,,,,,,,0,0,,,,,,300,,,,,,,,,0
"629152350",2.5,,"AZ923","9-23","TX4143-322","3-2-2-25","09/02/03 14:53:50",,,,,,,,,,,,,,"xB1J[638#",,,"!70%D^GO$UDqN7B<GIT*N.U%VGOk:)8CE>E@D)X.1..UDs9D9]TIzYK 09W02Hv4N21*Z^69<KRs]7*!Fe]4.1BTqs^TVWs#.*!HC/&B8CYd#s*PUr[TrnWcfalso +125HFc[qwo,uhYxw[q",0.18960001,0.38999999,0.20039998,,,,,,,,,,,,,,,,,"U",1,"3-2-2-25",0.92000002,0.58730161,0.37,0.19719617,0.34040001,1726.2,2066.5999,20.273344,2.74,1,0,1,0,0,0,1,1,1,0,1,0,1,0,0,0,0,0,0,0,0,0,0,0,0,0,0,0,0,0,"$6,01NxG( -0X0",":#x7NN",,"@{2#sd,gayUc",,,,"Road/Highway Embankment",,,,,,,,0.63516158,,2.9268293,,,,,,,,,0,0,,,,,,300,,,,,,,,,0
"632767200",2.5,,"AZ923","9-23","VT1681-622","6-2-2-44","09/04/03 13:07:22",,,,,,,,,,,,,,"> N(\;NX0",,,"e/N3N[GI,es{G$6C8HFc32X@E(ixN C5P$6,A12$1 &es[V9+0XHj9X9^4f!BY50J/M.#;3KcMGs{(4Cosh*E/-FAu 12fL&9K^T57 < Grt}s&Te< QRqxaPoOuq,*R;3Yd{#OgwiInrkI[w",0.18700001,0.345,0.15799999,,,,,,,,,,,,,,,,,"U",1,"6-2-2-44",0.64999998,0.40845066,0.28999999,0.10018601,0.18849997,1881.5001,2070,20.3067,2.6500001,1,0,1,0,0,0,1,1,1,0,0,0,1,0,0,0,0,0,0,0,0,0,0,0,0,0,0,0,0,0,".K4<X38T^C2C+5","t!1Jc7-C",,"+[%9OQ(oegxf",,,,"Road/Highway Embankment",,,,,,,,1.1176829,,3.0487804,,,,,,,,,0,0,,,,,,300,,,,,,,,,0
"639287206",2.5,,"AZ923","9-23","TX1060-331","3-3-1-7.5","08/25/03 16:47:40",,,,,,,,,,,,,,"(8{",,,":96V9>$S*qEjH;0&FRs:5(3[SCthC4*Vs)T^CX6^,$4qElC74#RR(GV)>/e4XG6N53T8X(*T(0HFl93(Afs60V9spP!66er(-J+2VX4108sO]F>uqh@ILkuxw[qPUv!K70Gs<le\f]eesaPoO",0,0,0,,,,,,,,,,,,,,,,,,0,"3-3-1-7.5",,,,,,,,,2.7,0,0,0,0,0,0,0,0,0,0,0,0,1,0,0,0,0,0,0,0,0,0,0,0,0,0,0,0,0,0,"\ !8C5%A/%0&M.","@.z8$X",,"kz 8Eu${wbo,",,,,"Road/Highway Embankment",,,,,,,,0.19054878,,3.3536584,,,,,,,,,0,0,,,,,,300,,,,,,,,,0
"645047346",2.5,,"AZ923","9-23","CO7035-743","7-4-3-19","08/13/03 17:48:18",,,,,,,,,,,,,,"}$W3;0-M",,,"kA8<^!1q<Afh0@F)GOP>@,R4J#s,*NC8s;V1Z@;(5V)Afk58N%TO<M+[8Dt]DI,SJ.T+-N/.**Su%/!XLifVV1CPODvSLtG6N53T8X(*T0HF<u4EA;!KY}tcgleDF(1D{XIT*#o\yd\sHWuvn",0,0,0,,,,,,,,,,,,,,,,,"REM",1,"7-4-3-19",0.38,0.47058821,0.31999999,0.067226887,0.12159999,1808.8,1930.4,18.937223,2.6600001,1,0,1,0,0,0,1,1,1,0,1,0,1,0,0,0,0,0,0,0,0,0,0,0,0,0,0,0,0,0,"51#X&V!Y+)G.74","[4H]8N4.8",,"kz 8Ew${obrx",,,,"Road/Highway Embankment",,,,,,,,0.48272255,,9.1463413,,,,,,,,,0,0,,,,,,300,,,,,,,,,0
"650946193",2.5,,"AZ923","9-23","CO7035-74S","7-4-S-15","08/13/03 17:58:49",,,,,,,,,,,,,,"(/2.Dj}NJ5+X",,,"gJG6H^6s#HFg13.^HLi\X^U+M7Dj0C9;s%23E8N.*C HFj7S(@EL!1S%0CP))F/KM[T6(11G JRW&5[:Su>&2B7iRd>TZPUx G8J;X.%SJos#W3OHy;SqwizybodR 5X*#Fe&>G\qqvxocwfv",0.192,0.38100001,0.18900001,,,,,,,,,,,,,,,,,"REM",1,"7-4-S-15",0.66000003,0.63934422,0.38999999,0.15178676,0.25740001,1695.8,1953.2001,19.160892,2.78,1,0,1,0,0,0,1,1,1,0,1,0,0,0,0,0,0,0,0,0,0,0,0,0,0,0,0,0,0,0,"(9V)X9,P[!$01C","r[56%B.-V",,"ln< qd%y\eli",,,,"Road/Highway Embankment",,,,,,,,0.38109756,,9.1463413,,,,,,,,,0,0,,,,,,300,,,,,,,,,0
"653029547",2.5,,"AZ923","9-23","TX4143-321","3-2-1-15","09/02/03 14:10:11",,,,,,,,,,,,,,":+X*^501N}G(/0GN2H+",,,"!70%D^GO$UDqN7B<GIT*N.U%VGOk:)8CE>E@D)X.1..UDs9D9]TIzYK 09W02Hv4N21*Z^69<KRs]7*!Fe]4.1BTqs^TVWs#.*!HC/&B8CYd#s*PUr[TrnWcfalso +125HFc[qwo,uhYxw[q",0.23289999,0.40900001,0.17610002,,,,,,,,,,,,,,,,,"REM",1,"3-2-1-15",0.81999999,0.85185194,0.46000004,0.25493377,0.37720001,1479.6,1856.7999,18.215208,2.74,1,0,1,0,0,0,1,1,1,0,1,0,1,0,0,0,0,0,0,0,0,0,0,0,0,0,0,0,0,0,"40*C5&(Fb8M(*D","//!1H+",,"),;0Lj!t\dzg",,,,"Road/Highway Embankment",,,,,,,,0.38109756,,2.9268293,,,,,,,,,0,0,,,,,,300,,,,,,,,,0
"657182905",2.5,,"AZ923","9-23","AR2042-15S","1-5-S-13","07/29/03 17:10:46",,,,,,,,,,,,,,"(+6.V",,,"e/N3N[GI,es{G$6C8HFc32X@E(ixN C5P$6,A12$1 &es[V9+0XHj9X9^4f!BY50J/M.#;3KcMGs{(4Cosh*E/-FAu 12fL&9K^T57 < Grt}s&Te< QRqxaPoOuq,*R;3Yd{#OgwiInrkI[w",0.16850001,0.25,0.081499994,,,,,,,,,,,,,,,,,,0,"1-5-S-13",,,,,,,,,,0,0,0,0,0,0,0,0,1,0,0,0,0,0,0,0,0,0,0,0,0,0,0,0,0,0,0,0,0,0,"51#X&V!Y+)G.74","#*A ,T334",,"&)6}sj8uz[h]",,,,"Road/Highway Embankment",,,,,,,,0.33028352,,0.60975611,,,,,,,,,0,0,,,,,,300,,,,,,,,,0
"658087359",2.5,,"AZ923","9-23","AL0101-134","1-3-4-7.5","07/24/03 15:48:24",,,,,,,,,,,,,,";N2T&0-G6Hy)VC",,,":C3+*,Nr(Gsx-4G7GRW/6>4;HMEcX(4)d;T/G.@%323Gs\^JC TR{W1,[5u97A78C$R+X6-C}(Fe@0{CIT[1H19WfOc 3uq<3S@F)M(1X1UD{e6tG<(Be\gcwfvOHn^F3/Afx]Y}y]fdUUO\k",0,0,0,,,,,,,,,,,,,,,,,"REM",1,"1-3-4-7.5",0.95999998,0.29870132,0.23,0.10061518,0.22080001,2194.5,2415.3,23.694094,2.8499999,1,0,1,0,0,0,1,1,1,0,0,0,1,0,0,0,0,0,0,0,0,0,0,0,0,0,0,0,0,0,"+A&^Z/@ixN C59","/96R(8 $",,"+;@7sn6,sg[l",,,,"Road/Highway Embankment",,,,,,,,0.19054878,,7.7743902,,,,,,,,,0,0,,,,,,300,,,,,,,,,0
"662082884",2.5,,"AZ923","9-23","LA0118-311","3-1-1-24","08/14/03 10:31:26",,,,,,,,,,,,,,"(6R7//G9@",,,"aGM*-B(i[dR#8+7!$er^:1F$SGo()6C5Hz45T/&D@4^dR%-N-> e%L*0(3e0Vs>VJ/.!^321#.fL<)0)sOv(7,JreG6N1es^T7*T5@;!HHEA0L/Ydg0FPsIWczjGs;(K28sR[#OOWtlvEo]ef",0.17910001,0.25999999,0.080899984,,,,,,,,,,,,,,,,,"U",1,"3-1-1-24",0.67000002,0.81818175,0.44999999,0.20454544,0.30149999,1474.0001,1775.5001,17.417656,2.6800001,1,0,1,0,0,0,1,1,1,0,0,0,0,0,0,0,0,0,0,0,0,0,0,0,0,0,0,0,0,0,"^M(!!M\r$<G (X","#9*#@D@09F",,"! #%sj+ooecx",,,,"Road/Highway Embankment",,,,,,,,0.60975611,,3.75,,,,,,,,,0,0,,,,,,300,,,,,,,,,0
"662774880",2.5,,"AZ923","9-23","NC0205-51S","5-1-S-12","08/15/03 14:26:36",,,,,,,,,,,,,,"hVX551G1X",,,"n3NV11 W6OHq).M(+fL#*VN0X3Ul:N20G4N%AX4F^+BOHs@GV^3fvJ51%AO/3DvSZ4-X6)3T.BsRzX(;FS\2B#TLyY50EOP!6*3K0;N+2Gso9R$sOt[2uxro]efYd[XN+.DF*<tUchrnsf}st",0.315,0.42300001,0.10800001,,,,,,,,,,,,,,,,,"U",1,"5-1-S-12",0.80000001,0.75438601,0.43000001,0.21866262,0.34400001,1573.2,1917.2,18.807732,2.76,1,0,1,0,0,0,1,1,1,0,1,0,0,0,0,0,0,0,0,0,0,0,0,0,0,0,0,0,0,0,"$6,01NxG( -0X0","}9+^LLz@/X%A/M7",,"<@&[Fc\mxP[q",,,,"Road/Highway Embankment",,,,,,,,0.30487806,,12.195122,,,,,,,,,0,0,,,,,,300,,,,,,,,,0
"672534995",2.5,,"AZ923","9-23","MnRd4-654","6-5-4-9","09/08/03 15:56:05",,,,,,,,,,,,,,">^81(J&M6!s> N(;NX0",,,"[A2V6*GOcFS[M%+X(iY-(1H/C^F^2B<XI:S1HX(51.:FS>02^V8ixQ40+NU>&e+J&1N(VN.T-7Ws]@]$uqj#Q@ZYgR6XGUDvSZ4-X6)3TBsR%s*HFq6EEy\plqcRs!7B,!er^wsduz\gsya[q",0.17299999,0.28600001,0.11300002,,,,,,,,,,,,,,,,,"REM",1,"6-5-4-9",0.82999998,0.47058821,0.31999999,0.14307261,0.2656,1856.4,2122,20.81682,2.73,1,0,1,0,0,0,1,1,1,0,0,0,1,0,0,0,0,0,0,0,0,0,0,0,0,0,0,0,0,0,"zS89;H3Iz0G7X.","@/MC}#%82B",,"eT!$5NHoz",,,,"Road/Highway Embankment",,,,,,,,0.22865854,,1.6158537,,,,,,,,,0,0,,,,,,300,,,,,,,,,0
"676412476",2.5,,"AZ923","9-23","WsTk12-213","2-1-3-18","09/08/03 16:32:48",,,,,,,,,,,,,,"}-\V ",,,"j4H#V$FR6OPc^]N2BGs<)3U T W(.%:^u51#Q&8-V)BOPz:/04JG(Z780Ms%4s#.*!HC/&B8;CYdcX(6UDt3L4+sPT/THsR:T0> ^9B&3SLi!d@sOb)8FvmkI[wTe 8Y$-sOmqSlbsy\Lgr,u",0.25400001,0.33270001,0.078700006,,,,,,,,,,,,,,,,,"REM",1,"2-1-3-18",0.94,0.53846157,0.35000002,0.19172494,0.329,1716,2045,20.061449,2.6400001,1,0,1,0,0,0,1,1,1,0,0,0,1,0,0,0,0,0,0,0,0,0,0,0,0,0,0,0,0,0,";T/6.*{F^2B<X8","n#6xNXB",,"vX8]1G5DLRg]",,,,"Road/Highway Embankment",,,,,,,,0.45731708,,3.2926829,,,,,,,,,0,0,,,,,,300,,,,,,,,,0
"686188803",2.5,,"AZ923","9-23","WY2020-722","7-2-2-30","09/08/03 14:51:56",,,,,,,,,,,,,,"!%E7,N82.",,,"n3NV11 W6OHq).M(+fL#*VN0X3Ul:N20G4N%AX4F^+BOHs@GV^3fvJ51%AO/3DvSZ4-X6)3T.BsRzX(;FS\2B#TLyY50EOP!6*3K0;N+2Gso9R$sOt[2uxro]efYd[XN+.DF*<tUchrnsf}st",0.18099999,0.352,0.171,,,,,,,,,,,,,,,,,"U",1,"7-2-2-30",1,0.42857146,0.30000001,0.14932804,0.30000001,2008.9999,2309,22.651291,2.8699999,1,0,1,0,0,0,1,1,1,0,0,0,1,0,0,0,0,0,0,0,0,0,0,0,0,0,0,0,0,0,"40*C5&(Fb8M(*D","c24D3[T2",,"+!]{Sh&nsw,e",,,,"Road/Highway Embankment",,,,,,,,0.76219511,,76.219513,,,,,,,,,0,0,,,,,,300,,,,,,,,,0
"687411944",2.5,,"AZ923","9-23","TX1077-122","1-2-2-15","09/02/03 13:53:37",,,,,,,,,,,,,,"\!$47S^.&fa0-M",,,":MG&718HvSu!.!H%0Yd{N/D)6$e%9#C6T.T.E+/F/;<Su#*4X!FY+BK+/VD[Zr(-J+2VX410/8sOg!:8qEdB968dWs#MXDF/KM[T6(11GJRW9O{FSz9NA{ogr,usO@..]Vrtk#Irm]jxRr}kW",0,0,0,,,,,,,,,,,,,,,,,"REM",1,"1-2-2-15",0.55000001,0.17647059,0.15000001,0.036904495,0.082500003,2235.5,2318,22.73958,2.6300001,1,0,1,0,0,0,1,1,1,0,0,0,1,0,0,0,0,0,0,0,0,0,0,0,0,0,0,0,0,0,"!3B%3 ;d\C86.&","[X{F34",,"kz 8Eu${wbuz",,,,"Road/Highway Embankment",,,,,,,,0.38109756,,3.3231707,,,,,,,,,0,0,,,,,,300,,,,,,,,,0
"691873709",2.5,,"AZ923","9-23","WsTk15-21S","2-1-S-12","09/09/03 09:09:34",,,,,,,,,,,,,,"$[H6T^7GZ29-",,,"]H#V3%Ns^sRbG(%:)uq]&B1.9FR(.3-#F.K4.X. 3C5sRcVC;[4u*C6V!ZY15s#M9< V12[T42Te&82)Wsb>6!GqQA78DYd>T0-C#!18J&sI@e3osg&QOOQPm{yAf\330+sO;cDImxnWsqe\v",0.2299,0.33500001,0.10510001,,,,,,,,,,,,,,,,,"REM",1,"2-1-S-12",0.41999999,0.72413784,0.41999996,0.11306241,0.17639998,1560.2001,1736.6001,17.036047,2.6900001,1,0,1,0,0,0,1,1,1,0,0,0,0,0,0,0,0,0,0,0,0,0,0,0,0,0,0,0,0,0,"\ !8C5%A/%0&M.",";+C(G9%",,")C6}M(@J4ddc",,,,"Road/Highway Embankment",,,,,,,,0.30487806,,3.2621951,,,,,,,,,0,0,,,,,,300,,,,,,,,,0
"692024177",2.5,,"AZ923","9-23","NM0105-112","1-1-2-22","08/14/03 17:48:53",,,,,,,,,,,,,,"(/0G6N2H+",,,"tJC8%14T/so# ^G.%FS$B&VV80Y+)G.7U} 3L0:F+*2so%&0C+.FbKD^@TL..d>T0-C#!18J3&sIvV27sRk1Z>/Stq<3QLi[R71X7.@,SZtG9I!esc0CW\sQOrgqE}Z4 )dR/zPsUpvmtE}ji",0.2915,0.51599997,0.22449997,,,,,,,,,,,,,,,,,"U",1,"1-1-2-22",0.82999998,0.69491524,0.41,0.20973805,0.34029999,1622.5,1962.7999,19.255068,2.75,1,0,1,0,0,0,1,1,1,0,0,0,0,0,0,0,0,0,0,0,0,0,0,0,0,0,0,0,0,0,"4N%0X16s\+G.@%","k*GL{;)U^W+",,"] )]Fu*h{fwz",,,,"Road/Highway Embankment",,,,,,,,0.55894208,,3.4024391,,,,,,,,,0,0,,,,,,300,,,,,,,,,0
"693310790",2.5,,"AZ923","9-23","TX1077-121","1-2-1-31","09/02/03 13:51:48",,,,,,,,,,,,,,"b7Y4#&H/3",,,"!70%D^GO$UDqN7B<GIT*N.U%VGOk:)8CE>E@D)X.1..UDs9D9]TIzYK 09W02Hv4N21*Z^69<KRs]7*!Fe]4.1BTqs^TVWs#.*!HC/&B8CYd#s*PUr[TrnWcfalso +125HFc[qwo,uhYxw[q",0,0,0,,,,,,,,,,,,,,,,,"U",1,"1-2-1-31",0.56,0.53846157,0.35000002,0.11251435,0.19600001,1742,1938,19.01178,2.6800001,1,0,1,0,0,0,1,1,0,0,0,0,0,0,0,0,0,0,0,0,0,0,0,0,0,0,0,0,0,0,"801.78]Dj0C9;F","b!%21Z",,"+!(&DU}v\xWx",,,,"Road/Highway Embankment",,,,,,,,0.78760153,,3.3231707,,,,,,,,,0,0,,,,,,300,,,,,,,,,0
"699568165",2.5,,"AZ923","9-23","TN3101-522","5-2-2-17","08/25/03 16:05:42",,,,,,,,,,,,,,"$,R27)NH8",,,"vV^>M8BG6IT:G-G)6sOm;!L91+fv4/N+s^M(7!1N4<BIT!VMC%Vs>7);6SE@KL&9K^T57 < zGrtdX)*esx1V*AOJF}HTEA78C$R+X6-C(Fe5t\sIf8Qo\tr}kWFS^C0!ZLi\$R\aksIFmvxR",0.34099999,0.62599999,0.285,,,,,,,,,,,,,,,,,"U",1,"5-2-2-17",0.97000003,1,0.5,0.34642857,0.48500001,1400,1885,18.49185,2.8,1,0,1,0,0,0,1,1,1,0,1,0,1,0,0,0,0,0,0,0,0,0,0,0,0,0,0,0,0,0,"4X--#^}e%9#C6 "," 62S6X0F+-",,"+;@7sh6xwg[l",,,,"Road/Highway Embankment",,,,,,,,0.43190855,,1.6768292,,,,,,,,,0,0,,,,,,300,,,,,,,,,0
"700502130",2.5,,"AZ923","9-23","TX1077-123","1-2-3-15","09/02/03 14:01:16",,,,,,,,,,,,,,"z)NT6A. /sn%%^",,,":C%>+5ME]fL]/0 C8PUn;3T7-GIz0G7XR@T/5!%V2(%fL,%Y)0XP[4)84HG09T/TB10-X6> &-uqx*1%iY;^E/NUKF/KSGs@2G1GX+/1X)FS q#Afa.VdexahhQFe)0/26Te/{ser]fUFPm{y",0,0,0,,,,,,,,,,,,,,,,,"U",1,"1-2-3-15",0.57999998,0.13636364,0.12,0.030072588,0.069600001,2314.4001,2384.0002,23.387043,2.6300001,1,0,1,0,0,0,1,1,1,0,0,0,1,0,0,0,0,0,0,0,0,0,0,0,0,0,0,0,0,0,".T.C+7-s>;$$9Z",".+]Q89",,"&)6}ss8r}[gx",,,,"Road/Highway Embankment",,,,,,,,0.38109756,,3.3231707,,,,,,,,,0,0,,,,,,300,,,,,,,,,0
"701300356",2.5,,"AZ923","9-23","WsTk15-215","2-1-5-6.5","09/08/03 16:49:22",,,,,,,,,,,,,,"\!$47S^.&fa0-M",,,":C%>+5ME]fL]/0 C8PUn;3T7-GIz0G7XR@T/5!%V2(%fL,%Y)0XP[4)84HG09T/TB10-X6> &-uqx*1%iY;^E/NUKF/KSGs@2G1GX+/1X)FS q#Afa.VdexahhQFe)0/26Te/{ser]fUFPm{y",0.2331,0.2775,0.044400007,,,,,,,,,,,,,,,,,"REM",1,"2-1-5-6.5",0.67000002,0.2820513,0.22000001,0.068468973,0.14740001,2152.8,2300.2,22.564962,2.76,1,0,1,0,0,0,1,1,1,0,0,0,1,0,0,0,0,0,0,0,0,0,0,0,0,0,0,0,0,0,"801.78]Dj0C9;F",";5G}7*$",,"]3-.(G>GCUyW",,,,"Road/Highway Embankment",,,,,,,,0.16514207,,3.2621951,,,,,,,,,0,0,,,,,,300,,,,,,,,,0
"701368225",2.5,,"AZ923","9-23","WsTk15-216","2-1-6-6.5","09/09/03 09:00:18",,,,,,,,,,,,,,"vN8.>5*1BEsH+3",,,"m $9X4#s@Te#22 +GOHl%5W^3HL!&F)XO&C<6V0C[C-Te%6A)&TOk5 692AV-i[R71X7.@,SxZtG&6#0so:^C1CHDS*ABAf{F6V0X55(6*er6G3IT]0JseecgiESu//81&iY-msfsgPQelbpv",0.2554,0.27509999,0.019699991,,,,,,,,,,,,,,,,,"REM",1,"2-1-6-6.5",0.64999998,0.2820513,0.22000001,0.066425122,0.14300001,2152.8,2295.8,22.521799,2.76,1,0,1,0,0,0,1,1,1,0,0,0,1,0,0,0,0,0,0,0,0,0,0,0,0,0,0,0,0,0,"^M(!!M\r$<G (X",",XH-G66",,"<-F!!$)9Zqfo",,,,"Road/Highway Embankment",,,,,,,,0.16514207,,3.2621951,,,,,,,,,0,0,,,,,,300,,,,,,,,,0
"702592849",2.5,,"AZ923","9-23","WA7322-813","8-1-3-10","09/08/03 12:46:53",,,,,,,,,,,,,,";0B-VB8-1scG.-",,,"{+G/.3Go6RW#8[$$1qEzM@S#R s>67!!e J[E6)X17BRW%--:;Hq}0L!.8d%DO$C(,S10:1N75es>X$+sOr,35SETf{F0dR6X1(6!V04-JIT7s+sRj0FHIphzdpfL%)T$XOP>sFvlcUxIuc[d",0,0,0,,,,,,,,,,,,,,,,,"REM",1,"8-1-3-10",0.46000001,0.31578946,0.23999999,0.050438594,0.1104,2188.8,2299.2,22.555151,2.8800001,1,0,1,0,0,0,1,1,1,0,0,0,1,0,0,0,0,0,0,0,0,0,0,0,0,0,0,0,0,0,"4N%0X16s\+G.@%","7 F1-]C(:8K",,"+!]{Sh&zrt,r",,,,"Road/Highway Embankment",,,,,,,,0.25406402,,7.6219511,,,,,,,,,0,0,,,,,,300,,,,,,,,,0
"704385492",2.5,,"AZ923","9-23","MT7066-711","7-1-1-13.5","08/14/03 14:10:41",,,,,,,,,,,,,,";V1B+G3@",,,"h0G-&,)u EA%( /N sO; <48KBG( -0Xo40*E5!%!81EA&#Z&10s>F2>[Jr7^s@2G1GX+/1X))FS:C%^fLz$W^AOoUx ArtbT2%SX8N^VJOH{S-qEsV0itzy}kaUDnVJ5;sI}:sjcaqxOQOrg",0,0,0,,,,,,,,,,,,,,,,,"REM",1,"7-1-1-13.5",0.64999998,0.2345679,0.19,0.054845009,0.12349999,2251.8,2375.3,23.301693,2.78,1,0,1,0,0,0,1,1,1,0,1,0,1,0,0,0,0,0,0,0,0,0,0,0,0,0,0,0,0,0,"--1 (M7s;C +X3","x/C!\$SC",,"/[9)Pd]uQ\kj",,,,"Road/Highway Embankment",,,,,,,,0.34298781,,21.341463,,,,,,,,,0,0,,,,,,300,,,,,,,,,0
"705641110",2.5,,"AZ923","9-23","NC0205-511","5-1-1-24","08/15/03 13:51:28",,,,,,,,,,,,,,"+&R0]57*!",,,"bN7:^3CtbsIlN22C Ws:!,06A.A/%0&MR4X-X#;X89>sIn9A700W(G([;Gq^ f{F6V0X55(6\*er!;2 Te:.E^0spHv4JqE]E 69M+N/M9DF7r.Gsm$Tsjxya[qHFz9L%*fL#kdecjgqDWczj",0.35499999,0.48300001,0.12800002,,,,,,,,,,,,,,,,,"U",1,"5-1-1-24",0.92000002,0.78571427,0.44,0.26478285,0.4048,1528.8,1933.6001,18.968616,2.73,1,0,1,0,0,0,1,1,1,0,0,0,1,0,0,0,0,0,0,0,0,0,0,0,0,0,0,0,0,0,".T.C+7-s>;$$9Z",";()0Ko:6 /0C> )",,"}>9)HO)pv}do",,,,"Road/Highway Embankment",,,,,,,,0.60975611,,12.195122,,,,,,,,,0,0,,,,,,300,,,,,,,,,0
"715172502",2.5,,"AZ923","9-23","KS4054-53S","5-3-S2-8","08/14/03 10:26:04",,,,,,,,,,,,,,"+^H5P[]^-4D0G]",,,":MG&718HvSu!.!H%0Yd{N/D)6$e%9#C6T.T.E+/F/;<Su#*4X!FY+BK+/VD[Zr(-J+2VX410/8sOg!:8qEdB968dWs#MXDF/KM[T6(11GJRW9O{FSz9NA{ogr,usO@..]Vrtk#Irm]jxRr}kW",0.255,0.537,0.28200001,,,,,,,,,,,,,,,,,"REM",1,"5-3-S2-8",0.87,0.66666663,0.39999998,0.2078853,0.34799999,1674,2022,19.835819,2.79,1,0,1,0,0,0,1,1,1,0,1,0,0,0,0,0,0,0,0,0,0,0,0,0,0,0,0,0,0,0,"\ !8C5%A/%0&M.","##T78-X",,"<b{<u}^du>pj",,,,"Road/Highway Embankment",,,,,,,,0.20325001,,3.8109756,,,,,,,,,0,0,,,,,,300,,,,,,,,,0
"716912057",2.5,,"AZ923","9-23","MT7066-71S","7-1-S-15","08/14/03 15:24:58",,,,,,,,,,,,,,"(^7XOk($7.S/",,,"n3NV11 W6OHq).M(+fL#*VN0X3Ul:N20G4N%AX4F^+BOHs@GV^3fvJ51%AO/3DvSZ4-X6)3T.BsRzX(;FS\2B#TLyY50EOP!6*3K0;N+2Gso9R$sOt[2uxro]efYd[XN+.DF*<tUchrnsf}st",0.228,0.377,0.149,,,,,,,,,,,,,,,,,"REM",1,"7-1-S-15",0.88,0.72413784,0.41999996,0.22758618,0.36959997,1624,1993.6,19.557217,2.8,1,0,1,0,0,0,1,1,1,0,1,0,0,0,0,0,0,0,0,0,0,0,0,0,0,0,0,0,0,0,"} 320%cs,*NC8F","j10C[8M7",,"c%!2R}>kdhQE",,,,"Road/Highway Embankment",,,,,,,,0.38109756,,21.341463,,,,,,,,,0,0,,,,,,300,,,,,,,,,0
"718217849",2.5,,"AZ923","9-23","VT1681-621","6-2-1-44","09/04/03 12:53:38",,,,,,,,,,,,,,"k>8N%B.-Z",,,"dT(5 V s#PUs$4C9#sI}11K006s>;$$9q!3B93*H^C PUf>J27-s,VF0 AR&DOc -5A/*M@F:6dR&5+-DF[8S[AIEe6GERW6X),49C+#E iY2R3OPl>7eblE}jies$X2^XOHlguxte{oii{sv",0.18700001,0.345,0.15799999,,,,,,,,,,,,,,,,,"U",1,"6-2-1-44",0.98000002,0.44927537,0.31,0.16614711,0.30380002,1828.5,2132.3,20.917864,2.6500001,1,0,1,0,0,0,1,1,1,0,0,0,1,0,0,0,0,0,0,0,0,0,0,0,0,0,0,0,0,0,"} 320%cs,*NC8F","uV0D3]T ",,"x6:-Yx:s,qgj",,,,"Road/Highway Embankment",,,,,,,,1.1178658,,3.0487804,,,,,,,,,0,0,,,,,,300,,,,,,,,,0
"724103397",2.5,,"AZ923","9-23","NM0105-111","1-1-1-22","08/14/03 17:29:24",,,,,,,,,,,,,,"v52K>(G97",,,"tJC8%14T/so# ^G.%FS$B&VV80Y+)G.7U} 3L0:F+*2so%&0C+.FbKD^@TL..d>T0-C#!18J3&sIvV27sRk1Z>/Stq<3QLi[R71X7.@,SZtG9I!esc0CW\sQOrgqE}Z4 )dR/zPsUpvmtE}ji",0.3057,0.57999998,0.27429998,,,,,,,,,,,,,,,,,"U",1,"1-1-1-22",0.86000001,0.75438601,0.43000001,0.23591708,0.36980003,1567.5,1937.3,19.004913,2.75,1,0,1,0,0,0,1,1,1,0,0,0,0,0,0,0,0,0,0,0,0,0,0,0,0,0,0,0,0,0,"z45V/-$fv4/N+F","r^2qm$*I@J#",,"! #%sg+Qoevb",,,,"Road/Highway Embankment",,,,,,,,0.5589329,,3.4024391,,,,,,,,,0,0,,,,,,300,,,,,,,,,0
"724385208",2.5,,"AZ923","9-23","MS1802-142","1-4-2-42","08/14/03 12:09:18",,,,,,,,,,,,,,"(6R7//G9@",,,"t5105#HL&YdmG(3-^Fe&2[U(2Ns;C +XO\ !JC+/B%7YdbVC6)6F^AZ]0BT8Do6081X@!%5A$4Afm3@NRsb-X</ewtbTMTe6GJ^VX5!,4NqE;f<iY:%QOgqUO\ktG 694Xos{bsfQpijqtt>P",0.133,0.17,0.037,,,,,,,,,,,,,,,,,"REM",1,"1-4-2-42",0.86000001,0.51515156,0.34000003,0.16347983,0.29240003,1788.6,2081,20.41461,2.71,1,0,1,0,0,0,1,1,1,0,1,0,1,0,0,0,0,0,0,0,0,0,0,0,0,0,0,0,0,0,"386&M6<s>67!!X","w!VZ&/$D@ @V",,"#/$;fr@ka}s]",,,,"Road/Highway Embankment",,,,,,,,1.0670732,,2.5914633,,,,,,,,,0,0,,,,,,300,,,,,,,,,0
"725891643",2.5,,"AZ923","9-23","CO7035-741","7-4-1-14.5","08/13/03 17:11:17",,,,,,,,,,,,,,"kM(F%Y: NOb7&!",,,"tJC8%14T/so# ^G.%FS$B&VV80Y+)G.7U} 3L0:F+*2so%&0C+.FbKD^@TL..d>T0-C#!18J3&sIvV27sRk1Z>/Stq<3QLi[R71X7.@,SZtG9I!esc0CW\sQOrgqE}Z4 )dR/zPsUpvmtE}ji",0,0,0,,,,,,,,,,,,,,,,,"REM",1,"7-4-1-14.5",0.27000001,0.35135132,0.25999999,0.034749031,0.070199996,2020.2001,2090.4001,20.506824,2.73,1,0,1,0,0,0,1,1,1,0,0,0,1,0,0,0,0,0,0,0,0,0,0,0,0,0,0,0,0,0,"&C<:VXzthC4*VF","[4H]8N4.8",,"^*}9Ia4vxn}y",,,,"Road/Highway Embankment",,,,,,,,0.3683942,,9.1463413,,,,,,,,,0,0,,,,,,300,,,,,,,,,0
"731288856",2.5,,"AZ923","9-23","TX1060-33S","3-3-S-18","09/02/03 13:35:05",,,,,,,,,,,,,,"^11XR{-GN[/^",,,"gJG6H^6s#HFg13.^HLi\X^U+M7Dj0C9;s%23E8N.*C HFj7S(@EL!1S%0CP))F/KM[T6(11G JRW&5[:Su>&2B7iRd>TZPUx G8J;X.%SJos#W3OHy;SqwizybodR 5X*#Fe&>G\qqvxocwfv",0.22239999,0.435,0.21260001,,,,,,,,,,,,,,,,,"REM",1,"3-3-S-18",0.56,1.0408163,0.50999999,0.21507643,0.28560001,1327.9,1613.5,15.828435,2.71,1,0,1,0,0,0,1,1,1,0,0,0,0,0,0,0,0,0,0,0,0,0,0,0,0,0,0,0,0,0,"^.,$9G^EcX(4)H",";(.TG0",,"^*}9It4v,nvs",,,,"Road/Highway Embankment",,,,,,,,0.45731708,,3.3536584,,,,,,,,,0,0,,,,,,300,,,,,,,,,0
"737639162",2.5,,"AZ923","9-23","AZ0113-231","2-3-1-13.5","07/24/03 16:02:04",,,,,,,,,,,,,,"v52K>(G97",,,"{+G/.3Go6RW#8[$$1qEzM@S#R s>67!!e J[E6)X17BRW%--:;Hq}0L!.8d%DO$C(,S10:1N75es>X$+sOr,35SETf{F0dR6X1(6!V04-JIT7s+sRj0FHIphzdpfL%)T$XOP>sFvlcUxIuc[d",0,0,0,,,,,,,,,,,,,,,,,"U",1,"2-3-1-13.5",0.44403329,0.42857146,0.30000001,0.069200002,0.13320999,1925,2058.21,20.19104,2.75,0,0,1,1,0,0,1,1,1,0,1,0,1,0,0,0,0,0,0,0,0,0,0,0,0,0,0,0,0,0,";T/6.*{F^2B<X8",":!,0^6A.",,"),;0Lb!y,d,g",,,,"Road/Highway Embankment",,,,,,,,0.34298781,,15.853659,,,,,,,,,0,0,,,,,,300,,,,,,,,,0
"741566816",2.5,,"AZ923","9-23","CO1053-752","7-5-2-7.5","08/13/03 14:46:07",,,,,,,,,,,,,,":2#T/3NN4o< 5XOu",,,"b-$@B2.A7LikF$G.3UDl18Y]T4T^C2C+W4X>6^3Z&^NLimB9C+MUl5F47+s(6e6GJ^VX5!,4^NqEnZ;4Ydh1Z-VDDe+J.sI,SJ.T+-N/.*Su8E:fLx#UR\ssduEer*;Y)(es@#RqcjOQShzdp",0,0,0,,,,,,,,,,,,,,,,,"REM",1,"7-5-2-7.5",0.50999999,0.20481928,0.17,0.038545325,0.0867,2249.3,2336,22.916161,2.71,1,0,1,0,0,0,1,1,1,0,1,0,1,0,0,0,0,0,0,0,0,0,0,0,0,0,0,0,0,0,"4X>:^B&q}^H%3-","e[J4c2#H(",,"@{2#sk,gjuWc",,,,"Road/Highway Embankment",,,,,,,,0.19054878,,2.3780489,,,,,,,,,0,0,,,,,,300,,,,,,,,,0
"745177268",2.5,,"AZ923","9-23","WsTk15-214","2-1-4-30","09/08/03 16:43:39",,,,,,,,,,,,,,"a6L%+U%3 #d\VM1 ^^V",,,"yA4^M12s>Wsz%])8MEA ^6B10GO<-^:Vr--1M(1F.C*Ws}</$6AEcU..#YR02P!6*3K0;N+25Gso&+^COHt!J22AhL&9WRs#M9< V12[T2Te9o3RW<+4FijbqwxLi{M225PUnqebkP\aTm}nv",0.2128,0.41249999,0.1997,,,,,,,,,,,,,,,,,"REM",1,"2-1-4-30",0.89999998,0.69491524,0.41,0.22993518,0.36899999,1604.8,1973.8,19.362978,2.72,1,0,1,0,0,0,1,1,1,0,1,0,1,0,0,0,0,0,0,0,0,0,0,0,0,0,0,0,0,0,"^M(!!M\r$<G (X","j-E)8&$",,"cVN*:G3Z8e,f",,,,"Road/Highway Embankment",,,,,,,,0.76219511,,3.2621951,,,,,,,,,0,0,,,,,,300,,,,,,,,,0
"746406290",2.5,,"AZ923","9-23","NE0114-541","5-4-1-27","08/14/03 16:16:00",,,,,,,,,,,,,,"%8 J4.-MX",,,"\S.$J@0Y5Rsz3*^:NrtkN+C8T2s\+G.@F[H2B*M+6&CRs} V![Sr$6K($Js DR:T0> ^9B&3@SLibM$COPm<63DtHs@2Aso6081X@!%5A4Af:i;dR<+HUPQmvxRsI]VY-XRW/zHIPbxrAzybo",0.227,0.44800001,0.22100002,,,,,,,,,,,,,,,,,"U",1,"5-4-1-27",0.94,0.72413784,0.41999996,0.24842685,0.39479998,1589.2001,1984,19.463039,2.74,1,0,1,0,0,0,1,1,1,0,0,0,1,0,0,0,0,0,0,0,0,0,0,0,0,0,0,0,0,0,".T.C+7-s>;$$9Z","n#.1xCC(G",,"v^8$A]#wba>r",,,,"Road/Highway Embankment",,,,,,,,0.68597561,,4.1463413,,,,,,,,,0,0,,,,,,300,,,,,,,,,0
"750847392",2.5,,"AZ923","9-23","CT1803-612","6-1-2-12.5","08/14/03 09:22:29",,,,,,,,,,,,,,"$4G0)A/8!Fq1Z/",,,":MG&718HvSu!.!H%0Yd{N/D)6$e%9#C6T.T.E+/F/;<Su#*4X!FY+BK+/VD[Zr(-J+2VX410/8sOg!:8qEdB968dWs#MXDF/KM[T6(11GJRW9O{FSz9NA{ogr,usO@..]Vrtk#Irm]jxRr}kW",0,0,0,,,,,,,,,,,,,,,,,"U",1,"6-1-2-12.5",0.66000003,0.21951221,0.18000001,0.051742166,0.11880001,2296,2414.8,23.689188,2.8,1,0,1,0,0,0,1,1,1,0,1,0,0,0,0,0,0,0,0,0,0,0,0,0,0,0,0,0,0,0,"(9V)X9,P[!$01C",":+. ^K&V&0C%",,"::[{ezzvo\je",,,,"Road/Highway Embankment",,,,,,,,0.31758109,,1.9512196,,,,,,,,,0,0,,,,,,300,,,,,,,,,0
"752284473",2.5,,"AZ923","9-23","AL0101-131","1-3-1-10","07/22/03 14:03:47",,,,,,,,,,,,,,"$.-SVM6G(W<8^!",,,"r/)7G&+f{iY$ 2867DF*0470N-e(7G)-s^.,39B6#X$iY^&A./CDjYG7]AI$Zs^T7*T5@;!H%HEA)& &dR:/G( Fqr(-EIT/TB10-X6> -uq$A2Lid1CsfdwpolrtmXC#Vso/mW\aoIpubqwx",0,0,0,,,,,,,,,,,,,,,,,"REM",1,"1-3-1-10",0.92000002,0.43283349,0.30208221,0.13972169,0.27791563,1989.0657,2266.9812,22.239086,2.8499999,1,0,1,0,0,0,1,1,1,0,1,0,1,0,0,0,0,0,0,0,0,0,0,0,0,0,0,0,0,0,".T.C+7-s>;$$9Z","\Y R[8X7",,"kz 8Ew$<evq>",,,,"Road/Highway Embankment",,,,,,,,0.25406495,,7.7743902,,,,,,,,,0,0,,,,,,300,,,,,,,,,0
"753879441",2.5,,"AZ923","9-23","NE0114-543","5-4-3-19","08/14/03 16:38:05",,,,,,,,,,,,,,"j@DH$++J&",,,"yA4^M12s>Wsz%])8MEA ^6B10GO<-^:Vr--1M(1F.C*Ws}</$6AEcU..#YR02P!6*3K0;N+25Gso&+^COHt!J22AhL&9WRs#M9< V12[T2Te9o3RW<+4FijbqwxLi{M225PUnqebkP\aTm}nv",0.237,0.53200001,0.29500002,,,,,,,,,,,,,,,,,"U",1,"5-4-3-19",0.94999999,0.75438601,0.43000001,0.25595239,0.40850002,1595.9999,2004.4999,19.664145,2.8,1,0,1,0,0,0,1,1,1,0,0,0,0,0,0,0,0,0,0,0,0,0,0,0,0,0,0,0,0,0,"^.,$9G^EcX(4)H",";8R(/6FB%",,"mn75tIc,js}z",,,,"Road/Highway Embankment",,,,,,,,0.48272255,,4.1463413,,,,,,,,,0,0,,,,,,300,,,,,,,,,0
"757985644",2.5,,"AZ923","9-23","MnRd4-652","6-5-2-19","09/08/03 15:47:31",,,,,,,,,,,,,,"n$K22W)-H.Ok>8NB.-Z",,,"[DB,H+-e6osm628;$Su(+#O!F/d\C86.DzS8S;N8%0Bosb)A., S@R8@V7i#JR6X1(6!V04-8JIT#X-CRW:/5,5usE]E9iY50J/M.#;3KMGs*T5so<%XsfUWuvnEA6&G@MRs:\UPWzblGcfal",0.167,0.28099999,0.11399999,,,,,,,,,,,,,,,,,"REM",1,"6-5-2-19",0.72000003,0.47058821,0.31999999,0.1259567,0.2304,1829.2001,2059.6001,20.204678,2.6900001,1,0,1,0,0,0,1,1,1,0,0,0,0,0,0,0,0,0,0,0,0,0,0,0,0,0,0,0,0,0,"40*C5&(Fb8M(*D","jV0T[59)!$",,"zCc[zNXtQ",,,,"Road/Highway Embankment",,,,,,,,0.48272255,,1.6158537,,,,,,,,,0,0,,,,,,300,,,,,,,,,0
"762926896",2.5,,"AZ923","9-23","LA0118-313","3-1-3-32","08/14/03 10:47:01",,,,,,,,,,,,,,"}$W ;8/D+",,,":MG&718HvSu!.!H%0Yd{N/D)6$e%9#C6T.T.E+/F/;<Su#*4X!FY+BK+/VD[Zr(-J+2VX410/8sOg!:8qEdB968dWs#MXDF/KM[T6(11GJRW9O{FSz9NA{ogr,usO@..]Vrtk#Irm]jxRr}kW",0.1353,0.2375,0.1022,,,,,,,,,,,,,,,,,"U",1,"3-1-3-32",0.99000001,0.58730161,0.37,0.21695097,0.36630002,1688.4,2054.7,20.156607,2.6800001,1,0,1,0,0,0,1,1,1,0,0,0,1,0,0,0,0,0,0,0,0,0,0,0,0,0,0,0,0,0,"386&M6<s>67!!X","m[98cC[GN-",,"+!]{Sb&}dq<u",,,,"Road/Highway Embankment",,,,,,,,0.8130061,,3.75,,,,,,,,,0,0,,,,,,300,,,,,,,,,0
"764734321",2.5,,"AZ923","9-23","CA3042-831","8-3-1-28","07/30/03 11:55:59",,,,,,,,,,,,,,";V18+N8&!",,,">2+C/6/d>sO\7,$0CtG/.%R0GGR{C8;!S+A&2Z^1$N*sO{+ :8KthW0$8Ao05W6X),49C+#E! iY*+2.PUe,A8HGfI,SEos>VJ/.!^321.fL-Y9Rsn/ZDInlbpvIT(XZ2+Ws:aFih}wifplqc",0.229,0.236,0.0069999993,,,,,,,,,,,,,,,,,"U",1,"8-3-1-28",0.62,0.63934422,0.38999999,0.14156908,0.2418,1708,1949.7999,19.127537,2.8,1,0,1,0,0,0,1,1,1,0,1,0,1,0,0,0,0,0,0,0,0,0,0,0,0,0,0,0,0,0,";V1.@^)S@V.^Z+",":8N()}[1K4#",,"::[{ezzjI[sq",,,,"Road/Highway Embankment",,,,,,,,0.71128047,,2.8963416,,,,,,,,,0,0,,,,,,300,,,,,,,,,0
"765086968",2.5,,"AZ923","9-23","TX1060-332","3-3-2-17","08/26/03 10:12:37",,,,,,,,,,,,,,"a%1A*4$H^idF.X",,,":C3+*,Nr(Gsx-4G7GRW/6>4;HMEcX(4)d;T/G.@%323Gs\^JC TR{W1,[5u97A78C$R+X6-C}(Fe@0{CIT[1H19WfOc 3uq<3S@F)M(1X1UD{e6tG<(Be\gcwfvOHn^F3/Afx]Y}y]fdUUO\k",0,0,0,,,,,,,,,,,,,,,,,"REM",1,"3-3-2-17",0.40000001,0.51515156,0.34000003,0.076318748,0.13600001,1782,1918,18.81558,2.7,1,0,1,0,0,0,1,1,1,0,1,0,1,0,0,0,0,0,0,0,0,0,0,0,0,0,0,0,0,0,"801.78]Dj0C9;F","]V Q2F",,"j *@ez5j,st[",,,,"Road/Highway Embankment",,,,,,,,0.43190855,,3.3536584,,,,,,,,,0,0,,,,,,300,,,,,,,,,0
"767747190",2.5,,"AZ923","9-23","CA3042-833","8-3-3-29","08/13/03 13:53:17",,,,,,,,,,,,,,"}$W ;8/D+",,,"tJC8%14T/so# ^G.%FS$B&VV80Y+)G.7U} 3L0:F+*2so%&0C+.FbKD^@TL..d>T0-C#!18J3&sIvV27sRk1Z>/Stq<3QLi[R71X7.@,SZtG9I!esc0CW\sQOrgqE}Z4 )dR/zPsUpvmtE}ji",0.229,0.236,0.0069999993,,,,,,,,,,,,,,,,,"U",1,"8-3-3-29",0.88999999,0.58730161,0.37,0.18667801,0.32930002,1764,2093.3,20.535273,2.8,1,0,1,0,0,0,1,1,1,0,0,0,1,0,0,0,0,0,0,0,0,0,0,0,0,0,0,0,0,0,"z45V/-$fv4/N+F","b3V<&\80J[G",,"k(56G[3we\zm",,,,"Road/Highway Embankment",,,,,,,,0.73678863,,2.8963416,,,,,,,,,0,0,,,,,,300,,,,,,,,,0
"768262121",2.5,,"AZ923","9-23","MS1802-142","1-4-2-10.5","08/14/03 12:05:07",,,,,,,,,,,,,,",B.3C7@0*dgG37",,,"[DB,H+-e6osm628;$Su(+#O!F/d\C86.DzS8S;N8%0Bosb)A., S@R8@V7i#JR6X1(6!V04-8JIT#X-CRW:/5,5usE]E9iY50J/M.#;3KMGs*T5so<%XsfUWuvnEA6&G@MRs:\UPWzblGcfal",0,0,0,,,,,,,,,,,,,,,,,"REM",1,"1-4-2-10.5",0.85000002,0.33333334,0.25,0.10611735,0.21250001,2002.5,2215,21.729151,2.6700001,1,0,1,0,0,0,1,1,1,0,0,0,1,0,0,0,0,0,0,0,0,0,0,0,0,0,0,0,0,0,",F$N+H>O<-^:VN","@^5F/^(%!.3&",,"}>9)Hp)icxde",,,,"Road/Highway Embankment",,,,,,,,0.26676831,,2.5914633,,,,,,,,,0,0,,,,,,300,,,,,,,,,0
"768493758",2.5,,"AZ923","9-23","AR2042-151","1-5-1-18.5","07/25/03 12:34:03",,,,,,,,,,,,,,"xB1J[638#",,,"[A2V6*GOcFS[M%+X(iY-(1H/C^F^2B<XI:S1HX(51.:FS>02^V8ixQ40+NU>&e+J&1N(VN.T-7Ws]@]$uqj#Q@ZYgR6XGUDvSZ4-X6)3TBsR%s*HFq6EEy\plqcRs!7B,!er^wsduz\gsya[q",0.1825,0.255,0.07249999,,,,,,,,,,,,,,,,,"U",1,"1-51-18.5",0.77999997,0.63934422,0.38999999,0.18469943,0.30419996,1647.0001,1951.2001,19.141273,2.7,1,0,1,0,0,0,1,1,1,0,1,0,1,0,0,0,0,0,0,0,0,0,0,0,0,0,0,0,0,0,"801.78]Dj0C9;F","]&Y(;F-F.",,"&)6}sj8uz[h]",,,,"Road/Highway Embankment",,,,,,,,0.46951219,,0.60975611,,,,,,,,,0,0,,,,,,300,,,,,,,,,0
"769799550",2.5,,"AZ923","9-23","NY4018-63S","6-3-S-12","08/15/03 10:27:28",,,,,,,,,,,,,,"$[H6T^7GZ29-",,,"!70%D^GO$UDqN7B<GIT*N.U%VGOk:)8CE>E@D)X.1..UDs9D9]TIzYK 09W02Hv4N21*Z^69<KRs]7*!Fe]4.1BTqs^TVWs#.*!HC/&B8CYd#s*PUr[TrnWcfalso +125HFc[qwo,uhYxw[q",0,0,0,,,,,,,,,,,,,,,,,"REM",1,"6-3-S-12",0.47999999,0.69491524,0.41,0.12354048,0.19679999,1593,1789.8,17.557938,2.7,1,0,1,0,0,0,1,1,1,0,0,0,0,0,0,0,0,0,0,0,0,0,0,0,0,0,0,0,0,0,"(9V)X9,P[!$01C","jX7P{<>;D",,"ln< qq%p}evt",,,,"Road/Highway Embankment",,,,,,,,0.30487806,,3.8414633,,,,,,,,,0,0,,,,,,300,,,,,,,,,0
"777241706",2.5,,"AZ923","9-23","CA3042-832","8-3-2-29","08/13/03 13:39:49",,,,,,,,,,,,,,"{VM)*;)BC",,,">2+C/6/d>sO\7,$0CtG/.%R0GGR{C8;!S+A&2Z^1$N*sO{+ :8KthW0$8Ao05W6X),49C+#E! iY*+2.PUe,A8HGfI,SEos>VJ/.!^321.fL-Y9Rsn/ZDInlbpvIT(XZ2+Ws:aFih}wifplqc",0.229,0.236,0.0069999993,,,,,,,,,,,,,,,,,"U",1,"8-3-2-29",0.79000002,0.61290324,0.38,0.17292628,0.30020002,1736,2036.2001,19.975122,2.8,1,0,1,0,0,0,1,1,1,0,0,0,1,0,0,0,0,0,0,0,0,0,0,0,0,0,0,0,0,0,"} 320%cs,*NC8F","m^/3Mx7:T+-",,">]79o[.ua[do",,,,"Road/Highway Embankment",,,,,,,,0.73678964,,2.8963416,,,,,,,,,0,0,,,,,,300,,,,,,,,,0
"783668782",2.5,,"AZ923","9-23","VT1681-62S","6-2-S1-15","09/04/03 14:42:13",,,,,,,,,,,,,,"b5G/A/#(G@Y+sl",,,":B-9H.GR:sOa$:1V.Afx8$I%T8P[!$01txT+1VN01)(sOd>5891A/2N#19s+0Ux G8J;X.%S6Josc-2.HFa5T&4fYi[RVsO$C(,S10:1N5es/s@Wsn,7Slvtt>PiY.+Y(7UDl:rnE]dyeck[u",0,0,0,,,,,,,,,,,,,,,,,"REM",1,"6-2-S1-15",0.92000002,1.7027026,0.63,0.56146467,0.57959998,1032.3,1611.9,15.812739,2.79,1,0,1,0,0,0,1,1,1,0,1,0,0,0,0,0,0,0,0,0,0,0,0,0,0,0,0,0,0,0,")T^+X9+Hj$1V//",">55B}> 0",,"] )]FP*v]yy<",,,,"Road/Highway Embankment",,,,,,,,0.38109756,,3.0487804,,,,,,,,,0,0,,,,,,300,,,,,,,,,0
"786190297",2.5,,"AZ923","9-23","AR2042-151","1-5-1-23","07/25/03 13:06:05",,,,,,,,,,,,,,"@0V.@M(V)",,,"b-$@B2.A7LikF$G.3UDl18Y]T4T^C2C+W4X>6^3Z&^NLimB9C+MUl5F47+s(6e6GJ^VX5!,4^NqEnZ;4Ydh1Z-VDDe+J.sI,SJ.T+-N/.*Su8E:fLx#UR\ssduEer*;Y)(es@#RqcjOQShzdp",0.19069999,0.27500001,0.084300011,,,,,,,,,,,,,,,,,"U",1,"1-5-1-23",0.77999997,0.58730161,0.37,0.1696649,0.2886,1701,1989.6,19.517975,2.7,1,0,1,0,0,0,1,1,1,0,0,0,1,0,0,0,0,0,0,0,0,0,0,0,0,0,0,0,0,0,"+A&^Z/@ixN C59","^:L472XG0",,"kz 8Ew$zrby[",,,,"Road/Highway Embankment",,,,,,,,0.58434755,,0.60975611,,,,,,,,,0,0,,,,,,300,,,,,,,,,0
"786969343",2.5,,"AZ923","9-23","NM0105-112","1-1-2-10","08/14/03 17:32:30",,,,,,,,,,,,,,"[*F0VC3 Dy,NN0Gjz)NRt",,,"]H#V3%Ns^sRbG(%:)uq]&B1.9FR(.3-#F.K4.X. 3C5sRcVC;[4u*C6V!ZY15s#M9< V12[T42Te&82)Wsb>6!GqQA78DYd>T0-C#!18J&sI@e3osg&QOOQPm{yAf\330+sO;cDImxnWsqe\v",0,0,0,,,,,,,,,,,,,,,,,,0,"1-1-2-10",,,,,,,,,,0,0,0,0,0,0,0,0,1,0,0,0,0,0,0,0,0,0,0,0,0,0,0,0,0,0,0,0,0,0,",F$N+H>O<-^:VN",";5#Ff&9E&0V",,"+!]{Sm&bdq>p",,,,"Road/Highway Embankment",,,,,,,,0.25406402,,3.4024391,,,,,,,,,0,0,,,,,,300,,,,,,,,,0
"791060765",2.5,,"AZ923","9-23","CO7035-741","7-4-1-37","08/13/03 17:17:49",,,,,,,,,,,,,,"z9RF G.-",,,"gJG6H^6s#HFg13.^HLi\X^U+M7Dj0C9;s%23E8N.*C HFj7S(@EL!1S%0CP))F/KM[T6(11G JRW&5[:Su>&2B7iRd>TZPUx G8J;X.%SJos#W3OHy;SqwizybodR 5X*#Fe&>G\qqvxocwfv",0,0,0,,,,,,,,,,,,,,,,,"REM",1,"7-4-1-37",0.62,0.42857146,0.30000001,0.099892594,0.186,1862,2048,20.090879,2.6600001,1,0,1,0,0,0,1,1,1,0,0,0,1,0,0,0,0,0,0,0,0,0,0,0,0,0,0,0,0,0,"(9V)X9,P[!$01C","!!Z#<X H+",,"x6:-Y,:exkhw",,,,"Road/Highway Embankment",,,,,,,,0.94004053,,9.1463413,,,,,,,,,0,0,,,,,,300,,,,,,,,,0
"791128635",2.5,,"AZ923","9-23","CT1803-612","6-1-2-21","08/14/03 09:48:01",,,,,,,,,,,,,,"$,R27)NH8",,,"\S.$J@0Y5Rsz3*^:NrtkN+C8T2s\+G.@F[H2B*M+6&CRs} V![Sr$6K($Js DR:T0> ^9B&3@SLibM$COPm<63DtHs@2Aso6081X@!%5A4Af:i;dR<+HUPQmvxRsI]VY-XRW/zHIPbxrAzybo",0,0,0,,,,,,,,,,,,,,,,,"U",1,"6-1-2-21",0.67000002,0.31578946,0.23999999,0.077218592,0.1608,2082.4001,2243.2002,22.005795,2.74,1,0,1,0,0,0,1,1,1,0,0,0,1,0,0,0,0,0,0,0,0,0,0,0,0,0,0,0,0,0,"&C<:VXzthC4*VF","h0XM.4{:3A8<",,"mn75tpc{kr\}",,,,"Road/Highway Embankment",,,,,,,,0.53353661,,1.9512196,,,,,,,,,0,0,,,,,,300,,,,,,,,,0
"791481282",2.5,,"AZ923","9-23","PA0603-642","6-4-2-23","08/25/03 14:32:57",,,,,,,,,,,,,,"cC3C:*F6X",,,"sZ/B618P!DF:C5#C4Te/41N&T8Hj$1V/A3860M(F/6/DF!3H<0NT^WC0%0s+*F}HH&3Z&8$R>7sO[.,:er{[E+3efo60CsOc -5A/*M@F6dR9O)UDy8YtUxqe\vos[-Y(@FS$!Eyzrkudy}ka",0.191,0.23800001,0.047000006,,,,,,,,,,,,,,,,,"U",1,"6-4-2-23",0.69,0.44927537,0.31,0.11111111,0.2139,1925.1,2139,20.983589,2.79,1,0,1,0,0,0,1,1,1,0,0,0,1,0,0,0,0,0,0,0,0,0,0,0,0,0,0,0,0,0,"@T/;!+*u*(+X&1","95MC&<}JLB-14",,"& /9Rw-]kWou",,,,"Road/Highway Embankment",,,,,,,,0.58434755,,6.0975609,,,,,,,,,0,0,,,,,,300,,,,,,,,,0
"793942345",2.5,,"AZ923","9-23","WY2019-731","7-3-1-19.5","09/08/03 12:57:10",,,,,,,,,,,,,,"v52E> F5",,,"aGM*-B(i[dR#8+7!$er^:1F$SGo()6C5Hz45T/&D@4^dR%-N-> e%L*0(3e0Vs>VJ/.!^321#.fL<)0)sOv(7,JreG6N1es^T7*T5@;!HHEA0L/Ydg0FPsIWczjGs;(K28sR[#OOWtlvEo]ef",0,0,0,,,,,,,,,,,,,,,,,"REM",1,"7-3-1-19.5",0.75999999,0.51515156,0.34000003,0.14718616,0.25840002,1755.6,2014,19.757339,2.6600001,1,0,1,0,0,0,1,1,1,0,0,0,1,0,0,0,0,0,0,0,0,0,0,0,0,0,0,0,0,0,")T^+X9+Hj$1V//","/3]Y4+2G",,"] )]FP*g}dq[",,,,"Road/Highway Embankment",,,,,,,,0.49542683,,17.682926,,,,,,,,,0,0,,,,,,300,,,,,,,,,0
"794888072",2.5,,"AZ923","9-23","AZ0113-233","2-3-3-5.5","07/24/03 16:48:35",,,,,,,,,,,,,,"$(6T--($%u,./Z",,,"yA4^M12s>Wsz%])8MEA ^6B10GO<-^:Vr--1M(1F.C*Ws}</$6AEcU..#YR02P!6*3K0;N+25Gso&+^COHt!J22AhL&9WRs#M9< V12[T2Te9o3RW<+4FijbqwxLi{M225PUnqebkP\aTm}nv",0,0,0,,,,,,,,,,,,,,,,,"REM",1,"2-3-3-5.5",0.38999999,0.2345679,0.19,0.033265993,0.074099995,2227.5,2301.6001,22.578697,2.75,1,0,1,0,0,0,1,1,1,0,0,0,1,0,0,0,0,0,0,0,0,0,0,0,0,0,0,0,0,0,"4X--#^}e%9#C6 ","l%5W$^3H",,"+!]{Sv&cdq<y",,,,"Road/Highway Embankment",,,,,,,,0.13973476,,15.853659,,,,,,,,,0,0,,,,,,300,,,,,,,,,0
"797098318",2.5,,"AZ923","9-23","TN3101-52S","5-2-S-12","08/25/03 16:43:59",,,,,,,,,,,,,,">>^^u*^.8173",,,"[DB,H+-e6osm628;$Su(+#O!F/d\C86.DzS8S;N8%0Bosb)A., S@R8@V7i#JR6X1(6!V04-8JIT#X-CRW:/5,5usE]E9iY50J/M.#;3KMGs*T5so<%XsfUWuvnEA6&G@MRs:\UPWzblGcfal",0.382,0.764,0.382,,,,,,,,,,,,,,,,,"REM",1,"5-2-S-12",0.92000002,1,0.5,0.32857144,0.46000001,1400,1860,18.246599,2.8,1,0,1,0,0,0,1,1,1,0,1,0,0,0,0,0,0,0,0,0,0,0,0,0,0,0,0,0,0,0,"^M(!!M\r$<G (X"," 5. &^VZ/*",,"),;0Lj!u{d[l",,,,"Road/Highway Embankment",,,,,,,,0.30487806,,1.6768292,,,,,,,,,0,0,,,,,,300,,,,,,,,,0
"798458682",2.5,,"AZ923","9-23","TX1060-331","3-3-1-24","08/26/03 09:41:45",,,,,,,,,,,,,,"\VM1{ ^^V",,,"]H#V3%Ns^sRbG(%:)uq]&B1.9FR(.3-#F.K4.X. 3C5sRcVC;[4u*C6V!ZY15s#M9< V12[T42Te&82)Wsb>6!GqQA78DYd>T0-C#!18J&sI@e3osg&QOOQPm{yAf\330+sO;cDImxnWsqe\v",0.1435,0.24699999,0.10349999,,,,,,,,,,,,,,,,,"U",1,"3-3-1-24",0.77999997,0.63934422,0.38999999,0.1820031,0.30419996,1671.4,1975.6,19.380636,2.74,1,0,1,0,0,0,1,1,1,0,0,0,0,0,0,0,0,0,0,0,0,0,0,0,0,0,0,0,0,0,"z45V/-$fv4/N+F","v!cTCC",,"^*}9It4v,nvs",,,,"Road/Highway Embankment",,,,,,,,0.60975611,,3.3536584,,,,,,,,,0,0,,,,,,300,,,,,,,,,0
"799330658",2.5,,"AZ923","9-23","MS1802-14S","1-4-S-12","08/14/03 13:51:38",,,,,,,,,,,,,,"l,M1thcGC#JX",,,"tJC8%14T/so# ^G.%FS$B&VV80Y+)G.7U} 3L0:F+*2so%&0C+.FbKD^@TL..d>T0-C#!18J3&sIvV27sRk1Z>/Stq<3QLi[R71X7.@,SZtG9I!esc0CW\sQOrgqE}Z4 )dR/zPsUpvmtE}ji",0.15700001,0.198,0.040999994,,,,,,,,,,,,,,,,,"REM",1,"1-4-S-12",0.75999999,0.33333334,0.25,0.093827158,0.19,2025,2215,21.729151,2.7,1,0,1,0,0,0,1,1,1,0,0,0,0,0,0,0,0,0,0,0,0,0,0,0,0,0,0,0,0,0,"!3B%3 ;d\C86.&","w3NC[F38%42.",,"mn75tPc\kr\]",,,,"Road/Highway Embankment",,,,,,,,0.30487806,,2.5914633,,,,,,,,,0,0,,,,,,300,,,,,,,,,0
"809567345",2.5,,"AZ923","9-23","VT1681-623","6-2-3-13","09/04/03 13:14:35",,,,,,,,,,,,,,"lX T-N[7@F]CC;",,,"yA4^M12s>Wsz%])8MEA ^6B10GO<-^:Vr--1M(1F.C*Ws}</$6AEcU..#YR02P!6*3K0;N+25Gso&+^COHt!J22AhL&9WRs#M9< V12[T2Te9o3RW<+4FijbqwxLi{M225PUnqebkP\aTm}nv",0,0,0,,,,,,,,,,,,,,,,,"REM",1,"6-2-3-13",0.36000001,0.21951221,0.18000001,0.029053088,0.064800009,2230.3999,2295.2,22.515911,2.72,1,0,1,0,0,0,1,1,1,0,0,0,1,0,0,0,0,0,0,0,0,0,0,0,0,0,0,0,0,0,"zS89;H3Iz0G7X.","g*M4;.9N",,"v^8$Az#evo}d",,,,"Road/Highway Embankment",,,,,,,,0.33028352,,3.0487804,,,,,,,,,0,0,,,,,,300,,,,,,,,,0
"810840659",2.5,,"AZ923","9-23","TX1077-121","1-2-1-16","09/02/03 13:44:08",,,,,,,,,,,,,,"vN8.>5*1BEsH+3",,,"hA8 8<$e+tG#4#NC2sR[N/8[41q}^H%3Y801Z7 &,09tG%/300Gs\NK+,/S6FE]E 69M+N/M{9DF#15<sIg3E.ARUs#.6Su 1.B83)X^T0PU[F5rtu0GTvxf}stsOb!7.CEA hitxa\sPwpol",0,0,0,,,,,,,,,,,,,,,,,"REM",1,"1-2-1-16",0.37,0.2345679,0.19,0.033000045,0.070299998,2130.3,2200.6001,21.587887,2.6300001,1,0,1,0,0,0,1,1,1,0,1,0,1,0,0,0,0,0,0,0,0,0,0,0,0,0,0,0,0,0,"4N%0X16s\+G.@%","{M[CG3",,"#/$;fi@ka,tx",,,,"Road/Highway Embankment",,,,,,,,0.4064939,,3.3231707,,,,,,,,,0,0,,,,,,300,,,,,,,,,0
"819612185",2.5,,"AZ923","9-23","KS4054-532","5-3-2-16.5","08/14/03 10:08:54",,,,,,,,,,,,,,";V18+N8&!",,,"e/N3N[GI,es{G$6C8HFc32X@E(ixN C5P$6,A12$1 &es[V9+0XHj9X9^4f!BY50J/M.#;3KcMGs{(4Cosh*E/-FAu 12fL&9K^T57 < Grt}s&Te< QRqxaPoOuq,*R;3Yd{#OgwiInrkI[w",0.222,0.46700001,0.245,,,,,,,,,,,,,,,,,"U",1,"5-3-2-16.5",0.85000002,0.69491524,0.41,0.21401376,0.34850001,1628.4,1976.9,19.393389,2.76,1,0,1,0,0,0,1,1,1,0,1,0,1,0,0,0,0,0,0,0,0,0,0,0,0,0,0,0,0,0,"$6,01NxG( -0X0","gGN5 NF",,">]79o].sw[aI",,,,"Road/Highway Embankment",,,,,,,,0.4192073,,3.8109756,,,,,,,,,0,0,,,,,,300,,,,,,,,,0
"824500348",2.5,,"AZ923","9-23","CT1803-611","6-1-1-20","08/14/03 09:12:03",,,,,,,,,,,,,,";V18+N8&!",,,"yA4^M12s>Wsz%])8MEA ^6B10GO<-^:Vr--1M(1F.C*Ws}</$6AEcU..#YR02P!6*3K0;N+25Gso&+^COHt!J22AhL&9WRs#M9< V12[T2Te9o3RW<+4FijbqwxLi{M225PUnqebkP\aTm}nv",0,0,0,,,,,,,,,,,,,,,,,"U",1,"6-1-1-20",0.46000001,0.38888887,0.28,0.06528791,0.12879999,1972.8,2101.6001,20.616697,2.74,1,0,1,0,0,0,1,1,1,0,1,0,1,0,0,0,0,0,0,0,0,0,0,0,0,0,0,0,0,0,"+A&^Z/@ixN C59",": T0-W/.>5@8",,"! #%sk+piivz",,,,"Road/Highway Embankment",,,,,,,,0.50814027,,1.9512196,,,,,,,,,0,0,,,,,,300,,,,,,,,,0
"834441926",2.5,,"AZ923","9-23","NM0105-112","1-1-2-13","08/14/03 17:46:12",,,,,,,,,,,,,,"(6R7//G9@",,,"b-$@B2.A7LikF$G.3UDl18Y]T4T^C2C+W4X>6^3Z&^NLimB9C+MUl5F47+s(6e6GJ^VX5!,4^NqEnZ;4Ydh1Z-VDDe+J.sI,SJ.T+-N/.*Su8E:fLx#UR\ssduEer*;Y)(es@#RqcjOQShzdp",0.2834,0.44400001,0.16060001,,,,,,,,,,,,,,,,,"U",1,"1-1-2-13",0.95999998,0.53846157,0.35000002,0.18865806,0.336,1781,2117,20.767771,2.74,1,0,1,0,0,0,1,1,1,0,0,0,0,0,0,0,0,0,0,0,0,0,0,0,0,0,0,0,0,0,"\ !8C5%A/%0&M.","];MIk7VQ.W%",,"-\-!dw<ckmhU",,,,"Road/Highway Embankment",,,,,,,,0.33028352,,3.4024391,,,,,,,,,0,0,,,,,,300,,,,,,,,,0
"835287359",2.5,,"AZ923","9-23","LA0118-312","3-1-2-29","08/14/03 10:40:18",,,,,,,,,,,,,,"\)R0)!$+9",,,"e/N3N[GI,es{G$6C8HFc32X@E(ixN C5P$6,A12$1 &es[V9+0XHj9X9^4f!BY50J/M.#;3KcMGs{(4Cosh*E/-FAu 12fL&9K^T57 < Grt}s&Te< QRqxaPoOuq,*R;3Yd{#OgwiInrkI[w",0.1353,0.2375,0.1022,,,,,,,,,,,,,,,,,"U",1,"3-1-2-29",0.80000001,0.56250006,0.36000001,0.16791046,0.28800002,1715.2,2003.2,19.651392,2.6800001,1,0,1,0,0,0,1,1,1,0,0,0,1,0,0,0,0,0,0,0,0,0,0,0,0,0,0,0,0,0,"\ !8C5%A/%0&M.","-!5$<H^GX3",,"} )(Ui{p\\zU",,,,"Road/Highway Embankment",,,,,,,,0.7367866,,3.75,,,,,,,,,0,0,,,,,,300,,,,,,,,,0
"847298992",2.5,,"AZ923","9-23","CO1053-751","7-5-1-7.5","08/13/03 14:00:31",,,,,,,,,,,,,,":2#T/3NN4o< 5XOu",,,"m $9X4#s@Te#22 +GOHl%5W^3HL!&F)XO&C<6V0C[C-Te%6A)&TOk5 692AV-i[R71X7.@,SxZtG&6#0so:^C1CHDS*ABAf{F6V0X55(6*er6G3IT]0JseecgiESu//81&iY-msfsgPQelbpv",0,0,0,,,,,,,,,,,,,,,,,"REM",1,"7-5-1-7.5",0.47,0.20481928,0.17,0.035522163,0.079899997,2249.3,2329.2,22.849451,2.71,1,0,1,0,0,0,1,1,1,0,0,0,1,0,0,0,0,0,0,0,0,0,0,0,0,0,0,0,0,0,"^.,$9G^EcX(4)H",">^4V!^0 1",,"{}0:iq;}d[ah",,,,"Road/Highway Embankment",,,,,,,,0.19054878,,2.3780489,,,,,,,,,0,0,,,,,,300,,,,,,,,,0
"849335140",2.5,,"AZ923","9-23","MnRd4-654","6-5-4-17","09/08/03 15:58:51",,,,,,,,,,,,,,"g8Y-GB+X9 Hj@DH++J&",,,":MG&718HvSu!.!H%0Yd{N/D)6$e%9#C6T.T.E+/F/;<Su#*4X!FY+BK+/VD[Zr(-J+2VX410/8sOg!:8qEdB968dWs#MXDF/KM[T6(11GJRW9O{FSz9NA{ogr,usO@..]Vrtk#Irm]jxRr}kW",0.167,0.28099999,0.11399999,,,,,,,,,,,,,,,,,"REM",1,"6-5-4-17",0.88999999,0.42857146,0.30000001,0.14179501,0.26700002,1883,2150,21.091499,2.6900001,1,0,1,0,0,0,1,1,1,0,0,0,0,0,0,0,0,0,0,0,0,0,0,0,0,0,0,0,0,0,"+A&^Z/@ixN C59",";&3E!&1#N ",,"<T%0- 7sd",,,,"Road/Highway Embankment",,,,,,,,0.43190855,,1.6158537,,,,,,,,,0,0,,,,,,300,,,,,,,,,0
"850845972",2.5,,"AZ923","9-23","NE0114-542","5-4-2-25","08/14/03 16:26:20",,,,,,,,,,,,,,"\)R0)!$+9",,,"]H#V3%Ns^sRbG(%:)uq]&B1.9FR(.3-#F.K4.X. 3C5sRcVC;[4u*C6V!ZY15s#M9< V12[T42Te&82)Wsb>6!GqQA78DYd>T0-C#!18J&sI@e3osg&QOOQPm{yAf\330+sO;cDImxnWsqe\v",0.227,0.44800001,0.22100002,,,,,,,,,,,,,,,,,"U",1,"5-4-2-25",0.95999998,0.66666663,0.39999998,0.23357663,0.38399997,1644,2028,19.89468,2.74,1,0,1,0,0,0,1,1,1,0,1,0,1,0,0,0,0,0,0,0,0,0,0,0,0,0,0,0,0,0,"4G1)-H/Ok:)8C6","}CV&@H+M/",,"+;@7sk6,sg,d",,,,"Road/Highway Embankment",,,,,,,,0.63516158,,4.1463413,,,,,,,,,0,0,,,,,,300,,,,,,,,,0
"850894663",2.5,,"AZ923","9-23","CA3042-832","8-3-2-20","08/13/03 13:31:45",,,,,,,,,,,,,,"cC3C:*F6X",,,"yA4^M12s>Wsz%])8MEA ^6B10GO<-^:Vr--1M(1F.C*Ws}</$6AEcU..#YR02P!6*3K0;N+25Gso&+^COHt!J22AhL&9WRs#M9< V12[T2Te9o3RW<+4FijbqwxLi{M225PUnqebkP\aTm}nv",0.189,0.28299999,0.093999997,,,,,,,,,,,,,,,,,"U",1,"8-3-2-20",0.88,0.51515156,0.34000003,0.16365826,0.29920003,1828.2,2127.3999,20.869793,2.77,1,0,1,0,0,0,1,1,1,0,0,0,1,0,0,0,0,0,0,0,0,0,0,0,0,0,0,0,0,0,"@T/;!+*u*(+X&1","!(Z$J<%NX-7",,"+;@7sn6vwfzj",,,,"Road/Highway Embankment",,,,,,,,0.50814027,,2.8963416,,,,,,,,,0,0,,,,,,300,,,,,,,,,0
"856876161",2.5,,"AZ923","9-23","WsTk15-216","2-1-6-30","09/09/03 09:05:51",,,,,,,,,,,,,,"[4D{GZ*VH8o(&BJ6%^^",,,"m $9X4#s@Te#22 +GOHl%5W^3HL!&F)XO&C<6V0C[C-Te%6A)&TOk5 692AV-i[R71X7.@,SxZtG&6#0so:^C1CHDS*ABAf{F6V0X55(6*er6G3IT]0JseecgiESu//81&iY-msfsgPQelbpv",0.2351,0.44999999,0.21489999,,,,,,,,,,,,,,,,,"REM",1,"2-1-6-30",0.91000003,0.63934422,0.38999999,0.21389826,0.3549,1659.2001,2014.1001,19.758322,2.72,1,0,1,0,0,0,1,1,1,0,0,0,1,0,0,0,0,0,0,0,0,0,0,0,0,0,0,0,0,0,"[H2(*J#L!&F)X3","lXZ*%^)",,"vX8]1G5DLRgc",,,,"Road/Highway Embankment",,,,,,,,0.76219511,,3.2621951,,,,,,,,,0,0,,,,,,300,,,,,,,,,0
"857090102",2.5,,"AZ923","9-23","WY2020-721","7-2-1-29","09/08/03 14:44:43",,,,,,,,,,,,,,"^3K&8N4.V",,,"b-$@B2.A7LikF$G.3UDl18Y]T4T^C2C+W4X>6^3Z&^NLimB9C+MUl5F47+s(6e6GJ^VX5!,4^NqEnZ;4Ydh1Z-VDDe+J.sI,SJ.T+-N/.*Su8E:fLx#UR\ssduEer*;Y)(es@#RqcjOQShzdp",0.18099999,0.352,0.171,,,,,,,,,,,,,,,,,"U",1,"7-2-1-29",0.94999999,0.47058821,0.31999999,0.15576962,0.30399999,1951.6,2255.5999,22.127434,2.8699999,1,0,1,0,0,0,1,1,1,0,1,0,1,0,0,0,0,0,0,0,0,0,0,0,0,0,0,0,0,0,"4X--#^}e%9#C6 ","c#6L$&3S",,"& /9Rr-vjipr",,,,"Road/Highway Embankment",,,,,,,,0.7367866,,76.219513,,,,,,,,,0,0,,,,,,300,,,,,,,,,0
"870110935",2.5,,"AZ923","9-23","TX4143-321","3-2-1-35","09/02/03 14:47:05",,,,,,,,,,,,,,"(&BJ(6%^^",,,"tJC8%14T/so# ^G.%FS$B&VV80Y+)G.7U} 3L0:F+*2so%&0C+.FbKD^@TL..d>T0-C#!18J3&sIvV27sRk1Z>/Stq<3QLi[R71X7.@,SZtG9I!esc0CW\sQOrgqE}Z4 )dR/zPsUpvmtE}ji",0.18960001,0.38999999,0.20039998,,,,,,,,,,,,,,,,,"U",1,"3-2-1-35",0.94,0.58730161,0.37,0.20148303,0.34780002,1726.2,2074,20.34594,2.74,1,0,1,0,0,0,1,1,1,0,1,0,0,0,0,0,0,0,0,0,0,0,0,0,0,0,0,0,0,0,";V1.@^)S@V.^Z+","}Z:00-",,",v{7rmxUzktc",,,,"Road/Highway Embankment",,,,,,,,0.8892073,,2.9268293,,,,,,,,,0,0,,,,,,300,,,,,,,,,0
"875947793",2.5,,"AZ923","9-23","CT1803-611","6-1-1-11","08/13/03 18:06:17",,,,,,,,,,,,,,"qN429A52NRjG3@",,,"vV^>M8BG6IT:G-G)6sOm;!L91+fv4/N+s^M(7!1N4<BIT!VMC%Vs>7);6SE@KL&9K^T57 < zGrtdX)*esx1V*AOJF}HTEA78C$R+X6-C(Fe5t\sIf8Qo\tr}kWFS^C0!ZLi\$R\aksIFmvxR",0,0,0,,,,,,,,,,,,,,,,,"REM",1,"6-1-1-11",0.62,0.21951221,0.18000001,0.048606277,0.1116,2296,2407.6001,23.618557,2.8,1,0,1,0,0,0,1,1,1,0,1,0,0,0,0,0,0,0,0,0,0,0,0,0,0,0,0,0,0,0,";V1.@^)S@V.^Z+","e[SK06cC+V9C",,"^*}9Ia4x,j[w",,,,"Road/Highway Embankment",,,,,,,,0.27946952,,1.9512196,,,,,,,,,0,0,,,,,,300,,,,,,,,,0
"881977981",2.5,,"AZ923","9-23","WY2020-72S","7-2-S-14","09/08/03 14:59:10",,,,,,,,,,,,,,",%MXo(. 12C@",,,":C3+*,Nr(Gsx-4G7GRW/6>4;HMEcX(4)d;T/G.@%323Gs\^JC TR{W1,[5u97A78C$R+X6-C}(Fe@0{CIT[1H19WfOc 3uq<3S@F)M(1X1UD{e6tG<(Be\gcwfvOHn^F3/Afx]Y}y]fdUUO\k",0.149,0.28400001,0.13500001,,,,,,,,,,,,,,,,,,0,"7-2-S-14",,,,,,,,,,0,0,0,0,0,0,0,0,1,0,1,0,0,0,0,0,0,0,0,0,0,0,0,0,0,0,0,0,0,0,">E@4)D:R(.3-#%","x<;F%21.",,"\(9/sy t]koo",,,,"Road/Highway Embankment",,,,,,,,0.35567072,,76.219513,,,,,,,,,0,0,,,,,,300,,,,,,,,,0
"884217686",2.5,,"AZ923","9-23","MT7066-712","7-1-2-29","08/14/03 15:01:47",,,,,,,,,,,,,,"^3K&8N4.V",,,"aGM*-B(i[dR#8+7!$er^:1F$SGo()6C5Hz45T/&D@4^dR%-N-> e%L*0(3e0Vs>VJ/.!^321#.fL<)0)sOv(7,JreG6N1es^T7*T5@;!HHEA0L/Ydg0FPsIWczjGs;(K28sR[#OOWtlvEo]ef",0.16599999,0.331,0.16500001,,,,,,,,,,,,,,,,,"U",1,"7-1-2-29",0.80000001,0.49253738,0.33000004,0.14328361,0.26400003,1842.4999,2106.5,20.664764,2.75,1,0,1,0,0,0,1,1,1,0,0,0,0,0,0,0,0,0,0,0,0,0,0,0,0,0,0,0,0,0,"\ !8C5%A/%0&M.","q[48%M1+",,"v^8$A]#ehqcu",,,,"Road/Highway Embankment",,,,,,,,0.7367866,,21.341463,,,,,,,,,0,0,,,,,,300,,,,,,,,,0
"888887511",2.5,,"AZ923","9-23","WY2019-734","7-3-4-39","09/08/03 13:26:35",,,,,,,,,,,,,,"j@DH$++J&",,,"xA )H/%F}uqn+1(4/dR/6-G> Nr$<G (e4G1V-N3>:#uqv$T%.9d\W1/) F8MtbT2%SX8N^V+JOHf^.VEA!@D$YRfO$C7Fe+J&1N(VN.T7Ws)H}Su,^1fuhi{svOP:#-41tG/xTvcm\tWcgiE",0,0,0,,,,,,,,,,,,,,,,,"U",1,"7-3-4-39",0.88999999,0.66666663,0.39999998,0.21894217,0.35599998,1626.0001,1982.0001,19.44342,2.71,1,0,1,0,0,0,1,1,0,0,0,0,0,0,0,0,0,0,0,0,0,0,0,0,0,0,0,0,0,0,"z45V/-$fv4/N+F",",C%Y[/M9",,"&)6}sq8iz[b{",,,,"Road/Highway Embankment",,,,,,,,0.99085367,,17.682926,,,,,,,,,0,0,,,,,,300,,,,,,,,,0
"896291308",2.5,,"AZ923","9-23","TX1060-333","3-3-3-34","09/02/03 13:31:33",,,,,,,,,,,,,,"%8 J4.-MX",,,"sZ/B618P!DF:C5#C4Te/41N&T8Hj$1V/A3860M(F/6/DF!3H<0NT^WC0%0s+*F}HH&3Z&8$R>7sO[.,:er{[E+3efo60CsOc -5A/*M@F6dR9O)UDy8YtUxqe\vos[-Y(@FS$!Eyzrkudy}ka",,,,,,,,,,,,,,,,,,,,"U",1,"3-3-3-34",0.98238963,0.58730161,0.37,0.2129,0.36348417,1707.3,2070.7842,20.314392,2.71,0,0,1,1,0,0,1,1,1,0,0,0,0,0,0,0,0,0,0,0,0,0,0,0,0,0,0,0,0,0,";V1.@^)S@V.^Z+","//!1H+",,"&)6}ss8r}[d[",,,,"Road/Highway Embankment",,,,,,,,0.86381096,,3.3536584,,,,,,,,,0,0,,,,,,300,,,,,,,,,0
"907329135",2.5,,"AZ923","9-23","OR6011-221","2-2-1-15","08/15/03 14:29:46",,,,,,,,,,,,,,"kM(F%Y: NOb7&!",,,"t5105#HL&YdmG(3-^Fe&2[U(2Ns;C +XO\ !JC+/B%7YdbVC6)6F^AZ]0BT8Do6081X@!%5A$4Afm3@NRsb-X</ewtbTMTe6GJ^VX5!,4NqE;f<iY:%QOgqUO\ktG 694Xos{bsfQpijqtt>P",0,0,0,,,,,,,,,,,,,,,,,"U",1,"2-2-1-15",0.92000002,0.2345679,0.19,0.077348553,0.17479999,2259.8999,2434.7,23.884407,2.79,1,0,1,0,0,0,1,1,1,0,1,0,0,0,0,0,0,0,0,0,0,0,0,0,0,0,0,0,0,0,";T/6.*{F^2B<X8",":M&:C#R",,"+[%9OI(iOv]f",,,,"Road/Highway Embankment",,,,,,,,0.38109756,,1.5243902,,,,,,,,,0,0,,,,,,300,,,,,,,,,0
"914439307",2.5,,"AZ923","9-23","AZ0113-232","2-3-2-5.5","07/24/03 16:13:28",,,,,,,,,,,,,,"b&H858;F(sn34#",,,":96V9>$S*qEjH;0&FRs:5(3[SCthC4*Vs)T^CX6^,$4qElC74#RR(GV)>/e4XG6N53T8X(*T(0HFl93(Afs60V9spP!66er(-J+2VX4108sO]F>uqh@ILkuxw[qPUv!K70Gs<le\f]eesaPoO",0,0,0,,,,,,,,,,,,,,,,,"REM",1,"2-3-2-5.5",0.37,0.21951221,0.18000001,0.02953437,0.066600002,2255,2321.6001,22.774897,2.75,1,0,1,0,0,0,1,1,1,0,0,0,1,0,0,0,0,0,0,0,0,0,0,0,0,0,0,0,0,0,"@T/;!+*u*(+X&1","m;!L%91+",,"+;@7sn6zsg,g",,,,"Road/Highway Embankment",,,,,,,,0.13973567,,15.853659,,,,,,,,,0,0,,,,,,300,,,,,,,,,0
"925854894",2.5,,"AZ923","9-23","WY2020-723","7-2-3-29","09/08/03 14:56:47",,,,,,,,,,,,,,"(6R7//G9@",,,">2+C/6/d>sO\7,$0CtG/.%R0GGR{C8;!S+A&2Z^1$N*sO{+ :8KthW0$8Ao05W6X),49C+#E! iY*+2.PUe,A8HGfI,SEos>VJ/.!^321.fL-Y9Rsn/ZDInlbpvIT(XZ2+Ws:aFih}wifplqc",0.18099999,0.352,0.171,,,,,,,,,,,,,,,,,"U",1,"7-2-3-29",0.88999999,0.42857146,0.30000001,0.13290195,0.26700002,2008.9999,2276,22.32756,2.8699999,1,0,1,0,0,0,1,1,1,0,0,0,1,0,0,0,0,0,0,0,0,0,0,0,0,0,0,0,0,0,"} 320%cs,*NC8F","@;[Kx8J&",,">]79oc.ud[ji",,,,"Road/Highway Embankment",,,,,,,,0.7367866,,76.219513,,,,,,,,,0,0,,,,,,300,,,,,,,,,0
"930461247",2.5,,"AZ923","9-23","WY2019-733","7-3-3-19","09/08/03 13:21:44",,,,,,,,,,,,,,"%8 R44 V",,,";9G-2(^F/rtwG)-0Gos{/1H, )u*(+X&i<R^E554<:2rtaVB*8To(B30+-F;Cq<3S@F)M(1X]1UDfV79Gsn%A1MsWW6X5FS*A4#E&3*V0JOP&D}er}]QIrnck[uWs!@-:9qEz%Lki[exOsduE",0,0,0,,,,,,,,,,,,,,,,,"REM",1,"7-3-3-19",0.70999998,0.51515156,0.34000003,0.13750285,0.2414,1755.6,1997,19.59057,2.6600001,1,0,1,0,0,0,1,1,1,0,0,0,1,0,0,0,0,0,0,0,0,0,0,0,0,0,0,0,0,0,"$6,01NxG( -0X0","c#6L$&3S",,"&)6}sq8iz[b{",,,,"Road/Highway Embankment",,,,,,,,0.48272255,,17.682926,,,,,,,,,0,0,,,,,,300,,,,,,,,,0
"932749642",2.5,,"AZ923","9-23","CA3042-833","8-3-3-21","08/13/03 13:47:46",,,,,,,,,,,,,,"><.-^3M5*",,,"r/)7G&+f{iY$ 2867DF*0470N-e(7G)-s^.,39B6#X$iY^&A./CDjYG7]AI$Zs^T7*T5@;!H%HEA)& &dR:/G( Fqr(-EIT/TB10-X6> -uq$A2Lid1CsfdwpolrtmXC#Vso/mW\aoIpubqwx",0.189,0.28299999,0.093999997,,,,,,,,,,,,,,,,,"U",1,"8-3-3-21",0.87,0.53846157,0.35000002,0.1691197,0.30450001,1800.5,2105,20.650049,2.77,1,0,1,0,0,0,1,1,1,0,1,0,1,0,0,0,0,0,0,0,0,0,0,0,0,0,0,0,0,0,"51#X&V!Y+)G.74","yGB%Z504T^6",,"kz 8Ew$xyby[",,,,"Road/Highway Embankment",,,,,,,,0.53353661,,2.8963416,,,,,,,,,0,0,,,,,,300,,,,,,,,,0
"933546384",2.5,,"AZ923","9-23","KS4054-53S","5-3-S-12","08/14/03 10:24:04",,,,,,,,,,,,,,"(.H+W(/8 ]59qf",,,"r/)7G&+f{iY$ 2867DF*0470N-e(7G)-s^.,39B6#X$iY^&A./CDjYG7]AI$Zs^T7*T5@;!H%HEA)& &dR:/G( Fqr(-EIT/TB10-X6> -uq$A2Lid1CsfdwpolrtmXC#Vso/mW\aoIpubqwx",0.213,0.317,0.104,,,,,,,,,,,,,,,,,"REM",1,"5-3-S-12",0.86000001,0.58730161,0.37,0.1803855,0.31820002,1764,2082.2,20.426382,2.8,1,0,1,0,0,0,1,1,0,0,0,0,0,0,0,0,0,0,0,0,0,0,0,0,0,0,0,0,0,0,"@T/;!+*u*(+X&1","$B-4F4 ",,"^*}9Iq4\zncr",,,,"Road/Highway Embankment",,,,,,,,0.30487806,,3.8109756,,,,,,,,,0,0,,,,,,300,,,,,,,,,0
"934275256",2.5,,"AZ923","9-23","NE0114-543","5-4-3-7.5","08/14/03 16:31:29",,,,,,,,,,,,,,"<:GN^J7G4sg6F5",,,"gJG6H^6s#HFg13.^HLi\X^U+M7Dj0C9;s%23E8N.*C HFj7S(@EL!1S%0CP))F/KM[T6(11G JRW&5[:Su>&2B7iRd>TZPUx G8J;X.%SJos#W3OHy;SqwizybodR 5X*#Fe&>G\qqvxocwfv",0,0,0,,,,,,,,,,,,,,,,,"REM",1,"5-4-3-7.5",0.38,0.1627907,0.14,0.022996455,0.053199999,2313.4001,2366.6001,23.216347,2.6900001,1,0,1,0,0,0,1,1,1,0,0,0,1,0,0,0,0,0,0,0,0,0,0,0,0,0,0,0,0,0,"<R^C52[Ul:N20$","d32X> FB3",,"x6:-Y{:d[lma",,,,"Road/Highway Embankment",,,,,,,,0.19054878,,4.1463413,,,,,,,,,0,0,,,,,,300,,,,,,,,,0
"939445230",2.5,,"AZ923","9-23","KS4054-533","5-3-3-22","08/14/03 10:21:42",,,,,,,,,,,,,,"\)R0)!$+9",,,"r/)7G&+f{iY$ 2867DF*0470N-e(7G)-s^.,39B6#X$iY^&A./CDjYG7]AI$Zs^T7*T5@;!H%HEA)& &dR:/G( Fqr(-EIT/TB10-X6> -uq$A2Lid1CsfdwpolrtmXC#Vso/mW\aoIpubqwx",0.2333,0.44800001,0.21470001,,,,,,,,,,,,,,,,,"U",1,"5-3-3-22",0.88999999,0.66666663,0.39999998,0.21115065,0.35599998,1686,2042,20.032021,2.8099999,1,0,1,0,0,0,1,1,1,0,0,0,0,0,0,0,0,0,0,0,0,0,0,0,0,0,0,0,0,0,"51#X&V!Y+)G.74","h)H$Z./",,"{}0:iw;,r[af",,,,"Road/Highway Embankment",,,,,,,,0.55894208,,3.8109756,,,,,,,,,0,0,,,,,,300,,,,,,,,,0
"944280306",2.5,,"AZ923","9-23","WsTk12-212","2-1-2-8","09/08/03 16:20:44",,,,,,,,,,,,,,",B.3C7@0*dgG37",,,"tJC8%14T/so# ^G.%FS$B&VV80Y+)G.7U} 3L0:F+*2so%&0C+.FbKD^@TL..d>T0-C#!18J3&sIvV27sRk1Z>/Stq<3QLi[R71X7.@,SZtG9I!esc0CW\sQOrgqE}Z4 )dR/zPsUpvmtE}ji",0.2348,0.26100001,0.026200011,,,,,,,,,,,,,,,,,"REM",1,"2-1-2-8",0.60000002,0.33333334,0.25,0.072727278,0.15000001,2062.5,2212.5,21.704624,2.75,1,0,1,0,0,0,1,1,1,0,0,0,1,0,0,0,0,0,0,0,0,0,0,0,0,0,0,0,0,0,"4X>:^B&q}^H%3-","v7X\^^N",,"58F[/G/G/Feb",,,,"Road/Highway Embankment",,,,,,,,0.20325001,,3.2926829,,,,,,,,,0,0,,,,,,300,,,,,,,,,0
"948157787",2.5,,"AZ923","9-23","WsTk15-214","2-1-4-18","09/08/03 16:40:27",,,,,,,,,,,,,,"n3 AM",,,"n3NV11 W6OHq).M(+fL#*VN0X3Ul:N20G4N%AX4F^+BOHs@GV^3fvJ51%AO/3DvSZ4-X6)3T.BsRzX(;FS\2B#TLyY50EOP!6*3K0;N+2Gso9R$sOt[2uxro]efYd[XN+.DF*<tUchrnsf}st",0.3258,0.43650001,0.11070001,,,,,,,,,,,,,,,,,"REM",1,"2-1-4-18",0.98000002,0.61290324,0.38,0.22751711,0.37240002,1636.8,2009.2001,19.710253,2.6400001,1,0,1,0,0,0,1,1,1,0,1,0,1,0,0,0,0,0,0,0,0,0,0,0,0,0,0,0,0,0,"386&M6<s>67!!X","d30>F6G",,"/0$ .-4YLo,y",,,,"Road/Highway Embankment",,,,,,,,0.45731708,,3.2621951,,,,,,,,,0,0,,,,,,300,,,,,,,,,0
"954801718",2.5,,"AZ923","9-23","NC0205-513","5-1-3-16","08/15/03 14:21:03",,,,,,,,,,,,,,"z9RB N 7X",,,":C%>+5ME]fL]/0 C8PUn;3T7-GIz0G7XR@T/5!%V2(%fL,%Y)0XP[4)84HG09T/TB10-X6> &-uqx*1%iY;^E/NUKF/KSGs@2G1GX+/1X)FS q#Afa.VdexahhQFe)0/26Te/{ser]fUFPm{y",0.39700001,0.48899999,0.091999978,,,,,,,,,,,,,,,,,"U",1,"5-1-3-16",0.87,1,0.5,0.31985295,0.435,1360,1795,17.60895,2.72,1,0,1,0,0,0,1,1,1,0,0,0,0,0,0,0,0,0,0,0,0,0,0,0,0,0,0,0,0,0,"^M(!!M\r$<G (X","s6B(6fs#0*191X3",,"<b{<uz^rw,eg",,,,"Road/Highway Embankment",,,,,,,,0.40640244,,12.195122,,,,,,,,,0,0,,,,,,300,,,,,,,,,0
"957950327",2.5,,"AZ923","9-23","NM0105-113","1-1-3-13","08/15/03 08:51:44",,,,,,,,,,,,,,"l>LZc2#H6",,,"m $9X4#s@Te#22 +GOHl%5W^3HL!&F)XO&C<6V0C[C-Te%6A)&TOk5 692AV-i[R71X7.@,SxZtG&6#0so:^C1CHDS*ABAf{F6V0X55(6*er6G3IT]0JseecgiESu//81&iY-msfsgPQelbpv",0.2633,0.449,0.1857,,,,,,,,,,,,,,,,,"U",1,"1-1-3-13",0.89999998,0.58730161,0.37,0.19290929,0.333,1726.2,2059.2,20.200752,2.74,1,0,1,0,0,0,1,1,1,0,0,0,0,0,0,0,0,0,0,0,0,0,0,0,0,0,0,0,0,0,"[H2(*J#L!&F)X3","!+MOz].8,Y4",,"+$9#W}/aiirh",,,,"Road/Highway Embankment",,,,,,,,0.33028352,,3.4024391,,,,,,,,,0,0,,,,,,300,,,,,,,,,0
"959940698",2.5,,"AZ923","9-23","CO1053-751","7-5-1-50","08/13/03 14:42:56",,,,,,,,,,,,,,"l>LZc2#H6",,,":96V9>$S*qEjH;0&FRs:5(3[SCthC4*Vs)T^CX6^,$4qElC74#RR(GV)>/e4XG6N53T8X(*T(0HFl93(Afs60V9spP!66er(-J+2VX4108sO]F>uqh@ILkuxw[qPUv!K70Gs<le\f]eesaPoO",0.248,0.47600001,0.22800002,,,,,,,,,,,,,,,,,"U",1,"7-5-1-50",0.99000001,0.63934422,0.38999999,0.22524939,0.38609999,1714.1,2100.2,20.602961,2.8099999,1,0,1,0,0,0,1,1,1,0,0,0,0,0,0,0,0,0,0,0,0,0,0,0,0,0,0,0,0,0,"[H2(*J#L!&F)X3","t8D73:G3$",,"%m9*T\7\b[ya",,,,"Road/Highway Embankment",,,,,,,,1.2703263,,2.3780489,,,,,,,,,0,0,,,,,,300,,,,,,,,,0
"960523499",2.5,,"AZ923","9-23","CA3042-831","8-3-1-20","07/30/03 11:52:44",,,,,,,,,,,,,,"j@DH$++J&",,,"m $9X4#s@Te#22 +GOHl%5W^3HL!&F)XO&C<6V0C[C-Te%6A)&TOk5 692AV-i[R71X7.@,SxZtG&6#0so:^C1CHDS*ABAf{F6V0X55(6*er6G3IT]0JseecgiESu//81&iY-msfsgPQelbpv",0.189,0.28299999,0.093999997,,,,,,,,,,,,,,,,,"U",1,"8-3-1-20",0.94,0.49253738,0.33000004,0.16714264,0.31020004,1855.8999,2166.0999,21.249439,2.77,1,0,1,0,0,0,1,1,1,0,0,0,1,0,0,0,0,0,0,0,0,0,0,0,0,0,0,0,0,0,")T^+X9+Hj$1V//","!(Z$J<%NX-7",,"}>9)Ho)Om{ee",,,,"Road/Highway Embankment",,,,,,,,0.50810975,,2.8963416,,,,,,,,,0,0,,,,,,300,,,,,,,,,0
"960876146",2.5,,"AZ923","9-23","TX1060-331","3-3-1-34","08/26/03 10:01:25",,,,,,,,,,,,,,"cC3C:*F6X",,,"kA8<^!1q<Afh0@F)GOP>@,R4J#s,*NC8s;V1Z@;(5V)Afk58N%TO<M+[8Dt]DI,SJ.T+-N/.**Su%/!XLifVV1CPODvSLtG6N53T8X(*T0HF<u4EA;!KY}tcgleDF(1D{XIT*#o\yd\sHWuvn",,,,,,,,,,,,,,,,,,,,"U",1,"3-3-1-34",0.98000002,0.58730161,0.37,0.21238214,0.36260003,1707.3,2069.9001,20.305721,2.71,1,0,1,0,0,0,1,1,1,0,0,0,0,0,0,0,0,0,0,0,0,0,0,0,0,0,0,0,0,0,")T^+X9+Hj$1V//","}Z:00-",,"#/$;fi@ka,u[",,,,"Road/Highway Embankment",,,,,,,,0.86381096,,3.3536584,,,,,,,,,0,0,,,,,,300,,,,,,,,,0
"962100770",2.5,,"AZ923","9-23","TN3101-523","5-2-3-24","08/25/03 16:18:46",,,,,,,,,,,,,,"> N(\;NX0",,,"z8F&H/3UxFe<B{G -es@N^M0X%Fb8M(*f,F$W+N3--;Fe;8+C(2e(DK%&AO,&S*A4#E&3*V0,JOP}#]0rty1M%Jsus>VEOHv4N21*Z^69KRs)P^DF]4AG\auc[dsR>XN[!Su(nA{pntzRcgle",0.34599999,0.76499999,0.419,,,,,,,,,,,,,,,,,"U",1,"5-2-3-24",0.98000002,0.96078438,0.49000001,0.33627453,0.48020002,1427.9999,1908.1998,18.71944,2.8,1,0,1,0,0,0,1,1,1,0,0,0,0,0,0,0,0,0,0,0,0,0,0,0,0,0,0,0,0,0,"386&M6<s>67!!X"," 5. &^VZ/*",,"\(9/sr e}lii",,,,"Road/Highway Embankment",,,,,,,,0.60975611,,1.6768292,,,,,,,,,0,0,,,,,,300,,,,,,,,,0
"965839544",2.5,,"AZ923","9-23","CO1053-751","7-5-1-43","08/13/03 14:38:57",,,,,,,,,,,,,,"><.-^3M5*",,,"e/N3N[GI,es{G$6C8HFc32X@E(ixN C5P$6,A12$1 &es[V9+0XHj9X9^4f!BY50J/M.#;3KcMGs{(4Cosh*E/-FAu 12fL&9K^T57 < Grt}s&Te< QRqxaPoOuq,*R;3Yd{#OgwiInrkI[w",0.213,0.44100001,0.22800002,,,,,,,,,,,,,,,,,"U",1,"7-5-1-43",0.94,0.69491524,0.41,0.23497134,0.3854,1640.2,2025.6,19.871136,2.78,1,0,1,0,0,0,1,1,1,0,1,0,1,0,0,0,0,0,0,0,0,0,0,0,0,0,0,0,0,0,";T/6.*{F^2B<X8",":+-[&%1G^",,"\(9/ss q,kQO",,,,"Road/Highway Embankment",,,,,,,,1.0924786,,2.3780489,,,,,,,,,0,0,,,,,,300,,,,,,,,,0
"969963444",2.5,,"AZ923","9-23","WA7322-811","8-1-1-11","09/04/03 14:59:17",,,,,,,,,,,,,,"nN8M+ {$1r}#F6",,,"z8F&H/3UxFe<B{G -es@N^M0X%Fb8M(*f,F$W+N3--;Fe;8+C(2e(DK%&AO,&S*A4#E&3*V0,JOP}#]0rty1M%Jsus>VEOHv4N21*Z^69KRs)P^DF]4AG\auc[dsR>XN[!Su(nA{pntzRcgle",0,0,0,,,,,,,,,,,,,,,,,"REM",1,"8-1-1-11",0.44999999,0.31578946,0.23999999,0.0493421,0.108,2188.8,2296.8,22.531609,2.8800001,1,0,1,0,0,0,1,1,1,0,0,0,1,0,0,0,0,0,0,0,0,0,0,0,0,0,0,0,0,0,"--1 (M7s;C +X3","@^%F8xJ&C(2",,"mn75tEc}aez]",,,,"Road/Highway Embankment",,,,,,,,0.27946952,,7.6219511,,,,,,,,,0,0,,,,,,300,,,,,,,,,0
"971242639",2.5,,"AZ923","9-23","MS1802-141","1-4-1-27","08/14/03 12:02:12",,,,,,,,,,,,,,"$6% @G&M+A;(1)",,,"sZ/B618P!DF:C5#C4Te/41N&T8Hj$1V/A3860M(F/6/DF!3H<0NT^WC0%0s+*F}HH&3Z&8$R>7sO[.,:er{[E+3efo60CsOc -5A/*M@F6dR9O)UDy8YtUxqe\vos[-Y(@FS$!Eyzrkudy}ka",0,0,0,,,,,,,,,,,,,,,,,"REM",1,"1-4-1-27",0.43000001,0.47058821,0.31999999,0.076072529,0.13759999,1808.8,1946.4,19.094185,2.6600001,1,0,1,0,0,0,1,1,1,0,0,0,1,0,0,0,0,0,0,0,0,0,0,0,0,0,0,0,0,0,"!3B%3 ;d\C86.&",",[F8%X7F.2$*",,"mn75tPc\kr\]",,,,"Road/Highway Embankment",,,,,,,,0.68597561,,2.5914633,,,,,,,,,0,0,,,,,,300,,,,,,,,,0
"974838309",2.5,,"AZ923","9-23","MT7066-711","7-1-1-39","08/14/03 14:52:11",,,,,,,,,,,,,,"> N(\;NX0",,,"yA4^M12s>Wsz%])8MEA ^6B10GO<-^:Vr--1M(1F.C*Ws}</$6AEcU..#YR02P!6*3K0;N+25Gso&+^COHt!J22AhL&9WRs#M9< V12[T2Te9o3RW<+4FijbqwxLi{M225PUnqebkP\aTm}nv",0,0,0,,,,,,,,,,,,,,,,,"U",1,"7-1-1-39",1,0.40845066,0.28999999,0.14587525,0.28999999,1988,2278,22.347179,2.8,1,0,1,0,0,0,1,1,1,0,0,0,0,0,0,0,0,0,0,0,0,0,0,0,0,0,0,0,0,0,"zS89;H3Iz0G7X.","l&T.)% )",,"kz 8Et$>oboc",,,,"Road/Highway Embankment",,,,,,,,0.99085367,,21.341463,,,,,,,,,0,0,,,,,,300,,,,,,,,,0
"977423297",2.5,,"AZ923","9-23","CT1803-61S","6-1-S-12","08/14/03 09:58:49",,,,,,,,,,,,,,"z3H8s\ 6Y(-!",,,"r/)7G&+f{iY$ 2867DF*0470N-e(7G)-s^.,39B6#X$iY^&A./CDjYG7]AI$Zs^T7*T5@;!H%HEA)& &dR:/G( Fqr(-EIT/TB10-X6> -uq$A2Lid1CsfdwpolrtmXC#Vso/mW\aoIpubqwx",0,0,0,,,,,,,,,,,,,,,,,"REM",1,"6-1-S-12",0.58999997,0.44927537,0.31,0.099651299,0.1829,1835.4,2018.3,19.799524,2.6600001,1,0,1,0,0,0,1,1,1,0,0,0,0,0,0,0,0,0,0,0,0,0,0,0,0,0,0,0,0,0,"51#X&V!Y+)G.74","b/C6!Y\246V ",,"x6:-Y,:q,fld",,,,"Road/Highway Embankment",,,,,,,,0.30487806,,1.9512196,,,,,,,,,0,0,,,,,,300,,,,,,,,,0
"977775944",2.5,,"AZ923","9-23","PA0603-643","6-4-3-22.5","08/25/03 14:38:21",,,,,,,,,,,,,,"><.-^3M5*",,,":C%>+5ME]fL]/0 C8PUn;3T7-GIz0G7XR@T/5!%V2(%fL,%Y)0XP[4)84HG09T/TB10-X6> &-uqx*1%iY;^E/NUKF/KSGs@2G1GX+/1X)FS q#Afa.VdexahhQFe)0/26Te/{ser]fUFPm{y",0.191,0.23800001,0.047000006,,,,,,,,,,,,,,,,,"U",1,"6-4-3-22.5",0.61000001,0.40845066,0.28999999,0.089302838,0.17689998,1980.9,2157.8,21.168018,2.79,1,0,1,0,0,0,1,1,1,0,1,0,1,0,0,0,0,0,0,0,0,0,0,0,0,0,0,0,0,0," J[C6.4e(7G)-F","98T05B/C5$45M",,"::[{enzcpvje",,,,"Road/Highway Embankment",,,,,,,,0.57164633,,6.0975609,,,,,,,,,0,0,,,,,,300,,,,,,,,,0
"979457961",2.5,,"AZ923","9-23","VT1681-623","6-2-3-44","09/04/03 14:38:51",,,,,,,,,,,,,,"^VFJ-(6H5",,,":C3+*,Nr(Gsx-4G7GRW/6>4;HMEcX(4)d;T/G.@%323Gs\^JC TR{W1,[5u97A78C$R+X6-C}(Fe@0{CIT[1H19WfOc 3uq<3S@F)M(1X1UD{e6tG<(Be\gcwfvOHn^F3/Afx]Y}y]fdUUO\k",0.18700001,0.345,0.15799999,,,,,,,,,,,,,,,,,"U",1,"6-2-3-44",0.88999999,0.31578946,0.23999999,0.10605758,0.21359999,2014.0001,2227.6001,21.852757,2.6500001,1,0,1,0,0,0,1,1,1,0,1,0,1,0,0,0,0,0,0,0,0,0,0,0,0,0,0,0,0,0,"4X>:^B&q}^H%3-",">55B}> 0",,"<b{<ub^dqxuv",,,,"Road/Highway Embankment",,,,,,,,1.1178658,,3.0487804,,,,,,,,,0,0,,,,,,300,,,,,,,,,0
"979971408",2.5,,"AZ923","9-23","NY4018-631","6-3-1-10.5","08/15/03 09:09:30",,,,,,,,,,,,,,",^LJ.4G6-",,,"aGM*-B(i[dR#8+7!$er^:1F$SGo()6C5Hz45T/&D@4^dR%-N-> e%L*0(3e0Vs>VJ/.!^321#.fL<)0)sOv(7,JreG6N1es^T7*T5@;!HHEA0L/Ydg0FPsIWczjGs;(K28sR[#OOWtlvEo]ef",0,0,0,,,,,,,,,,,,,,,,,"U",1,"6-3-1-10.5",0.74000001,0.19047618,0.16,0.05144247,0.11839999,2301.6001,2420,23.7402,2.74,1,0,1,0,0,0,1,1,1,0,0,0,1,0,0,0,0,0,0,0,0,0,0,0,0,0,0,0,0,0,">E@4)D:R(.3-#%",";+ s(;,;6",,"} )(Up{EbzzU",,,,"Road/Highway Embankment",,,,,,,,0.26676831,,3.8414633,,,,,,,,,0,0,,,,,,300,,,,,,,,,0
"985854042",2.5,,"AZ923","9-23","WsTk12-211","2-1-1-30","09/08/03 16:14:45",,,,,,,,,,,,,,"]7/24V0X14s\)R0!$+9",,,"z8F&H/3UxFe<B{G -es@N^M0X%Fb8M(*f,F$W+N3--;Fe;8+C(2e(DK%&AO,&S*A4#E&3*V0,JOP}#]0rty1M%Jsus>VEOHv4N21*Z^69KRs)P^DF]4AG\auc[dsR>XN[!Su(nA{pntzRcgle",0.3258,0.4095,0.083700001,,,,,,,,,,,,,,,,,"REM",1,"2-1-1-30",0.77999997,0.75438601,0.43000001,0.2139713,0.33539999,1567.5,1902.9,18.66745,2.75,1,0,1,0,0,0,1,1,1,0,0,0,1,0,0,0,0,0,0,0,0,0,0,0,0,0,0,0,0,0,"4X>:^B&q}^H%3-","@&D</D ",,"55^n%1&R9A<r",,,,"Road/Highway Embankment",,,,,,,,0.76219511,,3.2926829,,,,,,,,,0,0,,,,,,300,,,,,,,,,0
"986849943",2.5,,"AZ923","9-23","CO7035-742","7-4-2-19","08/13/03 17:28:49",,,,,,,,,,,,,,"(-6.&)VC",,,":C3+*,Nr(Gsx-4G7GRW/6>4;HMEcX(4)d;T/G.@%323Gs\^JC TR{W1,[5u97A78C$R+X6-C}(Fe@0{CIT[1H19WfOc 3uq<3S@F)M(1X1UD{e6tG<(Be\gcwfvOHn^F3/Afx]Y}y]fdUUO\k",0,0,0,,,,,,,,,,,,,,,,,"REM",1,"7-4-2-19",0.41,0.40845066,0.28999999,0.062956676,0.11889999,1888.6001,2007.5001,19.693577,2.6600001,1,0,1,0,0,0,1,1,1,0,0,0,1,0,0,0,0,0,0,0,0,0,0,0,0,0,0,0,0,0,";V1.@^)S@V.^Z+","v) [z1CN]",,"<@&[F\\blp}q",,,,"Road/Highway Embankment",,,,,,,,0.48272255,,9.1463413,,,,,,,,,0,0,,,,,,300,,,,,,,,,0
"987270461",2.5,,"AZ923","9-23","PA0603-642","6-4-2-17","08/25/03 14:28:53",,,,,,,,,,,,,,"n/GX</))3qh+D&",,,"fY V9-7Dver>#24*Nso/(*U+.$S@V.^ZL(9VVX69(!<er:,A $Ss;W4&0CH[/u 1.B83)X^T[0PUh!42tG:+13AofR:TZHF}HH&3Z&8$R7sO(U]Fe{75sdym}nvRW 5 ]^uq]jfugw}tsahhQ",0,0,0,,,,,,,,,,,,,,,,,"REM",1,"6-4-2-17",0.44,0.26582277,0.20999999,0.041039307,0.092399992,2251.5,2343.8999,22.993658,2.8499999,1,0,1,0,0,0,1,1,1,0,1,0,1,0,0,0,0,0,0,0,0,0,0,0,0,0,0,0,0,0,".T.C+7-s>;$$9Z","0&F9H*<AZ3C<$",,"& /9Rw-]kWou",,,,"Road/Highway Embankment",,,,,,,,0.43189025,,6.0975609,,,,,,,,,0,0,,,,,,300,,,,,,,,,0
"987431261",2.5,,"AZ923","9-23","AZ0215-411","4-1-1-11.5","07/25/03 10:41:30",,,,,,,,,,,,,,"%(GX V]^;e{B$X",,,"tJC8%14T/so# ^G.%FS$B&VV80Y+)G.7U} 3L0:F+*2so%&0C+.FbKD^@TL..d>T0-C#!18J3&sIvV27sRk1Z>/Stq<3QLi[R71X7.@,SZtG9I!esc0CW\sQOrgqE}Z4 )dR/zPsUpvmtE}ji",0,0,0,,,,,,,,,,,,,,,,,"REM",1,"4-1-1-11.5",0.57999998,0.21951221,0.18000001,0.04698047,0.1044,2222.2,2326.5999,22.823944,2.71,1,0,1,0,0,0,1,1,1,0,1,0,1,0,0,0,0,0,0,0,0,0,0,0,0,0,0,0,0,0,"51#X&V!Y+)G.74","]&B1;.9F",,"ln< qd%u>rvi",,,,"Road/Highway Embankment",,,,,,,,0.29217377,,26.219513,,,,,,,,,0,0,,,,,,300,,,,,,,,,0
"987640804",2.5,,"AZ923","9-23","TX1077-121","1-2-1-22","09/02/03 13:48:22",,,,,,,,,,,,,,"k>8N%B.-Z",,,":96V9>$S*qEjH;0&FRs:5(3[SCthC4*Vs)T^CX6^,$4qElC74#RR(GV)>/e4XG6N53T8X(*T(0HFl93(Afs60V9spP!66er(-J+2VX4108sO]F>uqh@ILkuxw[qPUv!K70Gs<le\f]eesaPoO",0,0,0,,,,,,,,,,,,,,,,,"U",1,"1-2-1-22",0.40000001,0.61290324,0.38,0.090800479,0.15200001,1674,1826,17.913059,2.7,1,0,1,0,0,0,1,1,1,0,1,0,1,0,0,0,0,0,0,0,0,0,0,0,0,0,0,0,0,0,"[H2(*J#L!&F)X3","n^$SM6",,"& /9Rw-\liQp",,,,"Road/Highway Embankment",,,,,,,,0.55894208,,3.3231707,,,,,,,,,0,0,,,,,,300,,,,,,,,,0
"990672853",2.5,,"AZ923","9-23","TX4143-322","3-2-2-36","09/02/03 15:08:48",,,,,,,,,,,,,,"/#H6<X H5",,,"h0G-&,)u EA%( /N sO; <48KBG( -0Xo40*E5!%!81EA&#Z&10s>F2>[Jr7^s@2G1GX+/1X))FS:C%^fLz$W^AOoUx ArtbT2%SX8N^VJOH{S-qEsV0itzy}kaUDnVJ5;sI}:sjcaqxOQOrg",0.18960001,0.38999999,0.20039998,,,,,,,,,,,,,,,,,"U",1,"3-2-2-36",0.92000002,0.61290324,0.38,0.20579234,0.34960002,1698.8,2048.4001,20.094805,2.74,1,0,1,0,0,0,1,1,1,0,0,0,0,0,0,0,0,0,0,0,0,0,0,0,0,0,0,0,0,0,"} 320%cs,*NC8F"," 5}H7&",,">]79oz.ew,dP",,,,"Road/Highway Embankment",,,,,,,,0.91463417,,2.9268293,,,,,,,,,0,0,,,,,,300,,,,,,,,,0
"993759473",2.5,,"AZ923","9-23","CO1053-753","7-5-3-13.5","08/13/03 16:03:29",,,,,,,,,,,,,,"%(GX V^;]e{B$XIq",,,"{+G/.3Go6RW#8[$$1qEzM@S#R s>67!!e J[E6)X17BRW%--:;Hq}0L!.8d%DO$C(,S10:1N75es>X$+sOr,35SETf{F0dR6X1(6!V04-JIT7s+sRj0FHIphzdpfL%)T$XOP>sFvlcUxIuc[d",0,0,0,,,,,,,,,,,,,,,,,"REM",1,"7-5-3-13.5",0.44,0.35135132,0.25999999,0.05601253,0.11439999,2042.4,2156.8,21.158209,2.76,1,0,1,0,0,0,1,1,1,0,0,0,1,0,0,0,0,0,0,0,0,0,0,0,0,0,0,0,0,0,"386&M6<s>67!!X",";%A+]57*[",,"^*}9Ia4v,ncw",,,,"Road/Highway Embankment",,,,,,,,0.34298781,,2.3780489,,,,,,,,,0,0,,,,,,300,,,,,,,,,0
